label,text
ham,U sleeping now.. Or you going to take? Haha.. I got spys wat.. Me online checking n replying mails lor..
ham,"Ya they are well and fine., BBD(pooja) full pimples..even she become quite black..and ur rite here its too cold, wearing sweatter.."
ham,Simply sitting and watching match in office..
spam,Sunshine Quiz Wkly Q! Win a top Sony DVD player if u know which country Liverpool played in mid week? Txt ansr to 82277. £1.50 SP:Tyrone
ham,"Sorry vikky, i'm Watching olave mandara movie kano in trishul theatre wit my frnds.."
ham,I'm on da bus going home...
ham,"Hey babe, my friend had to cancel, still up for a visit ?"
ham,"Mum, hope you are having a great day. Hoping this text meets you well and full of life. Have a great day. Abiola"
ham,Ok.
ham,"Yeah I think my usual guy's still passed out from last night, if you get ahold of anybody let me know and I'll throw down"
spam,URGENT! We are trying to contact U. Todays draw shows that you have won a £800 prize GUARANTEED. Call 09050001808 from land line. Claim M95. Valid12hrs only
ham,The Xmas story is peace.. The Xmas msg is love.. The Xmas miracle is jesus.. Hav a blessed month ahead &amp; wish U Merry Xmas...
ham,"Dear friends, sorry for the late information. Today is the birthday of our loving Ar.Praveesh. for more details log on to face book and see. Its his number + &lt;#&gt; . Dont miss a delicious treat."
spam,Show ur colours! Euro 2004 2-4-1 Offer! Get an England Flag & 3Lions tone on ur phone! Click on the following service message for info!
ham,I dont have any of your file in my bag..i was in work when you called me.i 'll tell you if i find anything in my room.
ham,S da..al r above  &lt;#&gt;
ham,"Wen ur lovable bcums angry wid u, dnt take it seriously.. Coz being angry is d most childish n true way of showing deep affection, care n luv!.. kettoda manda... Have nice day da."
ham,So what do you guys do.
ham,"I wasn't well babe, i have swollen glands at my throat ... What did you end up doing ?"
ham,Ok...
ham,"Thank you so much. When we skyped wit kz and sura, we didnt get the pleasure of your company. Hope you are good. We've given you ultimatum oh! We are countin down to aburo. Enjoy! This is the message i sent days ago"
ham,Asking do u knw them or nt? May be ur frnds or classmates?
ham,S:-)if we have one good partnership going we will take lead:)
ham,"Hurry up, I've been weed-deficient for like three days"
ham,Like a personal sized or what
ham,"K so am I, how much for an 8th? Fifty?"
ham,There is no sense in my foot and penis.
ham,Good. No swimsuit allowed :)
ham,I keep ten rs in my shelf:) buy two egg.
ham,"Can you tell Shola to please go to college of medicine and visit the academic department, tell the academic secretary what the current situation is and ask if she can transfer there. She should ask someone to check Sagamu for the same thing and lautech. Its vital she completes her medical education in Nigeria. Its less expensive much less expensive. Unless she will be getting citizen rates in new zealand."
ham,Yes..gauti and sehwag out of odi series.
ham,Ok... Sweet dreams...
ham,Might ax well im there.
spam,<Forwarded from 448712404000>Please CALL 08712404000 immediately as there is an urgent message waiting for you.
spam,WINNER!! As a valued network customer you have been selected to receivea £900 prize reward! To claim call 09061701461. Claim code KL341. Valid 12 hours only.
ham,Weightloss! No more girl friends. Make loads of money on ebay or something. And give thanks to God.
ham,Can you plz tell me the ans. BSLVYL sent via fullonsms.com
ham,"I feel like a dick because I keep sleeping through your texts and facebook messages. Sup, you in town?"
spam,8007 FREE for 1st week! No1 Nokia tone 4 ur mob every week just txt NOKIA to 8007 Get txting and tell ur mates www.getzed.co.uk POBox 36504 W4 5WQ norm 150p/tone 16+
spam,Santa Calling! Would your little ones like a call from Santa Xmas eve? Call 09058094583 to book your time.
ham,Lol alright i was thinkin that too haha
ham,Thanx but my birthday is over already.
ham,I'm reading the text i just sent you. Its meant to be a joke. So read it in that light
ham,Ffffffffff. Alright no way I can meet up with you sooner?
ham,I'm at home. Please call
ham,Hi mom we might be back later than  &lt;#&gt;
ham,Raji..pls do me a favour. Pls convey my Birthday wishes to Nimya. Pls. Today is her birthday.
ham,Oh that was a forwarded message. I thought you send that to me
ham,At 7 we will go ok na.
ham,Pls send me your address sir.
spam,Todays Voda numbers ending 5226 are selected to receive a ?350 award. If you hava a match please call 08712300220 quoting claim code 1131 standard rates app
ham,I sent lanre fakeye's Eckankar details to the mail box
ham,"Hmmm ... I thought we said 2 hours slave, not 3 ... You are late ... How should I punish you ?"
ham,Wat makes some people dearer is not just de happiness dat u feel when u meet them but de pain u feel when u miss dem!!!
ham,Hi here. have birth at on the  to  at 8lb 7oz. Mother and baby doing brilliantly.
ham,"No worries, hope photo shoot went well. have a spiffing fun at workage."
spam,You are now unsubscribed all services. Get tons of sexy babes or hunks straight to your phone! go to http://gotbabes.co.uk. No subscriptions.
ham,Are you wet right now?
ham,"I don,t think so. You don't need to be going out that late on a school night. ESPECIALLY when the one class you have is the one you missed last wednesday and probably failed a test in on friday"
ham,I want to tell you how bad I feel that basically the only times I text you lately are when I need drugs
spam,"For ur chance to win a £250 cash every wk TXT: ACTION to 80608. T's&C's www.movietrivia.tv custcare 08712405022, 1x150p/wk."
ham,Mathews or tait or edwards or anderson
ham,Why you Dint come with us.
ham,Hi di is yijue we're meeting at 7 pm at esaplanade tonight.
spam,"SPJanuary Male Sale! Hot Gay chat now cheaper, call 08709222922. National rate from 1.5p/min cheap to 7.8p/min peak! To stop texts call 08712460324 (10p/min)"
ham,"Good morning, my Love ... I go to sleep now and wish you a great day full of feeling better and opportunity ... You are my last thought babe, I LOVE YOU *kiss*"
ham,Lol I was gonna last month. I cashed some in but I left &lt;#&gt; just in case. I was collecting more during the week cause they announced it on the blog.
ham,He says hi and to get your ass back to south tampa (preferably at a kegger)
ham,What time. I‘m out until prob 3 or so
ham,What u talking bout early morning? It's almost noon where your at!
ham,Prakesh is there know.
ham,:( but your not here....
ham,We stopped to get ice cream and will go back after
ham,X2  &lt;#&gt; . Are you going to get that
ham,I wont. So wat's wit the guys
ham,None of that's happening til you get here though
ham,"Dear all, as we know  &lt;#&gt; th is the  &lt;#&gt; th birthday of our loving Gopalettan. We are planning to give a small gift on that day. Those who like to participate in that you are welcome. Please contact our admin team for more details"
ham,i dnt wnt to tlk wid u
ham,Nooooooo I'm gonna be bored to death all day. Cable and internet outage.
ham,"K give me a sec, breaking a  &lt;#&gt;  at cstore"
ham,Howz that persons story
ham,Unfortunately i've just found out that we have to pick my sister up from the airport that evening so don't think i'll be going out at all. We should try to go out one of th
ham,ZOE IT JUST HIT ME 2 IM FUCKING SHITIN MYSELF IL DEFO TRY MY HARDEST 2 CUM 2MOROW LUV U MILLIONS LEKDOG
ham,Nite...
ham,Same to u...
spam,URGENT! Your Mobile number has been awarded with a £2000 Bonus Caller Prize. Call 09058095201 from land line. Valid 12hrs only
ham,WHAT TIME U WRKIN?
ham,I think its far more than that but find out. Check google maps for a place from your dorm.
ham,All sounds good. Fingers . Makes it difficult to type
ham,Are you free now?can i call now?
spam,"Urgent! call 09066612661 from landline. Your complementary 4* Tenerife Holiday or £10,000 cash await collection SAE T&Cs PO Box 3 WA14 2PX 150ppm 18+ Sender: Hol Offer"
ham,Yeah that'd pretty much be the best case scenario
ham,"No my blankets are sufficient, thx"
ham,We live in the next  &lt;#&gt; mins
ham,"not that I know of, most people up here are still out of town"
ham,Mystery solved! Just opened my email and he's sent me another batch! Isn't he a sweetie
ham,Never try alone to take the weight of a tear that comes out of ur heart and falls through ur eyes... Always remember a STUPID FRIEND is here to share... BSLVYL
ham,Reason is if the team budget is available at last they buy the unsold players for at base rate..
ham,"Yeah that's what I thought, lemme know if anything's goin on later"
ham,"Two fundamentals of cool life: ""Walk, like you are the KING""...! OR ""Walk like you Dont care,whoever is the KING""!... Gud nyt"
ham,We can go 4 e normal pilates after our intro...
ham,"I got arrested for possession at, I shit you not,  &lt;TIME&gt;  pm"
ham,K:)all the best:)congrats...
ham,And of course you should make a stink!
ham,WHITE FUDGE OREOS ARE IN STORES
ham,Hmmm.still we dont have opener?
ham,I wont get concentration dear you know you are my mind and everything :-)
ham,No..but heard abt tat..
ham,Love it! The girls at the office may wonder why you are smiling but sore...
ham,1Apple/Day=No Doctor. 1Tulsi Leaf/Day=No Cancer. 1Lemon/Day=No Fat. 1Cup Milk/day=No Bone Problms 3 Litres Watr/Day=No Diseases Snd ths 2 Whom U Care..:-)
ham,I fetch yun or u fetch?
ham,Can... I'm free...
ham,Do u konw waht is rael FRIENDSHIP Im gving yuo an exmpel: Jsut ese tihs msg.. Evrey splleing of tihs msg is wrnog.. Bt sitll yuo can raed it wihtuot ayn mitsake.. GOODNIGHT &amp; HAVE A NICE SLEEP..SWEET DREAMS..
ham,I like you peoples very much:) but am very shy pa.
ham,Btw regarding that we should really try to see if anyone else can be our 4th guy before we commit to a random dude
ham,Oh k :)why you got job then whats up?
ham,great princess! I love giving and receiving oral. Doggy style is my fave position. How about you? I enjoy making love  &lt;#&gt;  times per night :)
ham,"Sorry, was in the bathroom, sup"
ham,Mode men or have you left.
ham,Huh so slow i tot u reach long ago liao... U 2 more days only i 4 more leh...
ham,At 4. Let's go to bill millers
spam,Congratulations U can claim 2 VIP row A Tickets 2 C Blu in concert in November or Blu gift guaranteed Call 09061104276 to claim TS&Cs www.smsco.net cost£3.75max
ham,"I'm eatin now lor, but goin back to work soon... E mountain deer show huh... I watch b4 liao, very nice..."
ham,S.s:)i thinl role is like sachin.just standing. Others have to hit.
ham,"They can try! They can get lost, in fact. Tee hee"
spam,Hi its LUCY Hubby at meetins all day Fri & I will B alone at hotel U fancy cumin over? Pls leave msg 2day 09099726395 Lucy x Calls£1/minMobsmoreLKPOBOX177HP51FL
ham,As if i wasn't having enough trouble sleeping.
ham,Delhi and chennai still silent.
ham,I think chennai well settled?
ham,HMM yeah if your not too grooved out! And im looking forward to my pound special :)
ham,Dunno lei... I might b eatin wif my frens... If ü wan to eat then i wait 4 ü lar
ham,Our Prasanth ettans mother passed away last night. Just pray for her and family.
ham,Yes..he is really great..bhaji told kallis best cricketer after sachin in world:).very tough to get out.
ham,Wait . I will msg after  &lt;#&gt;  min.
spam,Am new 2 club & dont fink we met yet Will B gr8 2 C U Please leave msg 2day wiv ur area 09099726553 reply promised CARLIE x Calls£1/minMobsmore LKPOBOX177HP51FL
ham,Jokin only lar... :-) depends on which phone my father can get lor...
ham,Wat's my dear doing? Sleeping ah?
ham,"Have a lovely night and when you wake up to see this message, i hope you smile knowing all is as should be. Have a great morning"
spam,New TEXTBUDDY Chat 2 horny guys in ur area 4 just 25p Free 2 receive Search postcode or at gaytextbuddy.com. TXT ONE name to 89693
ham,"A cute thought for friendship: ""Its not necessary to share every secret with ur close Frnd, but watever u shared should be true""...."
ham,Hi.what you think about match?
ham,"I want to show you the world, princess :) how about europe?"
ham,"Well, I have to leave for my class babe ... You never came back to me ... :-( ... Hope you have a nice sleep, my love"
ham,Sounds like there could be a lot of time spent in that chastity device boy ... *grins* ... Or take your beatings like a good dog. Going to lounge in a nice long bath now ?
ham,Okie
ham,"Just looked it up and addie goes back Monday, sucks to be her"
ham,We are both fine. Thanks
ham,Gokila is talking with you aha:)
ham,"Good afternoon, my love ... How goes your day ? How did you sleep ? I hope your well, my boytoy ... I think of you ..."
ham,Love you aathi..love u lot..
ham,I surely dont forgot to come:)i will always be in touch in with you:-)
ham,"Friendship is not a game to play, It is not a word to say, It doesn\'t start on March and ends on May, It is tomorrow, yesterday, today and e"
ham,Where at were hungry too
ham,3 pa but not selected.
ham,"Hi elaine, is today's meeting confirmed?"
ham,K.k:)apo k.good movie.
spam,"SIX chances to win CASH! From 100 to 20,000 pounds txt> CSH11 and send to 87575. Cost 150p/day, 6days, 16+ TsandCs apply Reply HL 4 info"
spam,Please CALL 08712402779 immediately as there is an urgent message waiting for you
spam,Your weekly Cool-Mob tones are ready to download !This weeks new Tones include: 1) Crazy Frog-AXEL F>>> 2) Akon-Lonely>>> 3) Black Eyed-Dont P >>>More info in n
ham,"There'll be a minor shindig at my place later tonight, you interested?"
ham,"You are always putting your business out there. You put pictures of your ass on facebook. You are one of the most open people i've ever met. Why would i think a picture of your room would hurt you, make you feel violated."
ham,Oh ic. I thought you meant mary jane.
ham,U should have made an appointment
ham,Hey what are you doing. Y no reply pa..
spam,How about getting in touch with folks waiting for company? Just txt back your NAME and AGE to opt in! Enjoy the community (150p/SMS)
ham,You lifted my hopes with the offer of money. I am in need. Especially when the end of the month approaches and it hurts my studying. Anyways have a gr8 weekend
ham,My love ... I hope your not doing anything drastic. Don't you dare sell your pc or your phone ...
ham,"Haha better late than ever, any way I could swing by?"
ham,IM GONNAMISSU SO MUCH!!I WOULD SAY IL SEND U A POSTCARD BUTTHERES ABOUTAS MUCH CHANCE OF MEREMEMBERIN ASTHERE IS OFSI NOT BREAKIN HIS CONTRACT!! LUV Yaxx
ham,"Oh, i will get paid. The most outstanding one is for a commercial i did for Hasbro...in AUGUST! They made us jump through so many hoops to get paid. Still not."
ham,No one interested. May be some business plan.
ham,This single single answers are we fighting? Plus i said am broke and you didnt reply
ham,I wanna watch that movie
ham,I‘ll have a look at the frying pan in case it‘s cheap or a book perhaps. No that‘s silly a frying pan isn‘t likely to be a book
ham,Gibbs unsold.mike hussey
ham,"All done, all handed in. Don't know if mega shop in asda counts as celebration but thats what i'm doing!"
ham,Ok.ok ok..then..whats ur todays plan
ham,i felt so...not any conveying reason.. Ese he... What about me?
ham,I dont know oh. Hopefully this month.
ham,Yup... How ü noe leh...
ham,Nice line said by a broken heart- Plz don't cum 1 more times infront of me... Other wise once again I ll trust U... Good 9t:)
ham,How's it feel? Mr. Your not my real Valentine just my yo Valentine even tho u hardly play!!
spam,22 days to kick off! For Euro2004 U will be kept up to date with the latest news and results daily. To be removed send GET TXT STOP to 83222
ham,Yup it's at paragon... I havent decided whether 2 cut yet... Hee...
ham,May i call You later Pls
spam,Phony £350 award - Todays Voda numbers ending XXXX are selected to receive a £350 award. If you have a match please call 08712300220 quoting claim code 3100 standard rates app
ham,Pls speak to that customer machan.
ham,Cbe is really good nowadays:)lot of shop and showrooms:)city is shaping good.
spam,"URGENT!! Your 4* Costa Del Sol Holiday or £5000 await collection. Call 09050090044 Now toClaim. SAE, TC s, POBox334, Stockport, SK38xh, Cost£1.50/pm, Max10mins"
ham,Okie but i scared u say i fat... Then u dun wan me already...
spam,Moby Pub Quiz.Win a £100 High Street prize if u know who the new Duchess of Cornwall will be? Txt her first name to 82277.unsub STOP £1.50 008704050406 SP
ham,"Doing nothing, then u not having dinner w us?"
ham,Nope i'll come online now..
ham,NEFT Transaction with reference number  &lt;#&gt;  for Rs. &lt;DECIMAL&gt;  has been credited to the beneficiary account on  &lt;#&gt;  at  &lt;TIME&gt; : &lt;#&gt;
ham,"How long before you get reply, just defer admission til next semester"
ham,Hi i won't b ard 4 christmas. But do enjoy n merry x'mas.
ham,Usually the body takes care of it buy making sure it doesnt progress. Can we pls continue this talk on saturday.
ham,Is that what time you want me to come?
spam,todays vodafone numbers ending with 0089(my last four digits) are selected to received a £350 award. If your number matches please call 09063442151 to claim your £350 award
ham,Pls speak with me. I wont ask anything other then you friendship.
ham,Hmm...Bad news...Hype park plaza $700 studio taken...Only left 2 bedrm-$900...
ham,En chikku nange bakra msg kalstiya..then had tea/coffee?
ham,I cant pick the phone right now. Pls send a message
ham,"I hope your alright babe? I worry that you might have felt a bit desparate when you learned the job was a fake ? I am here waiting when you come back, my love"
ham,"Beautiful Truth against Gravity.. Read carefully: ""Our heart feels light when someone is in it.. But it feels very heavy when someone leaves it.."" GOOD NIGHT"
ham,No break time one... How... I come out n get my stuff fr ü?
ham,Its a valentine game. . . Send dis msg to all ur friends. .. If 5 answers r d same then someone really loves u. Ques- which colour suits me the best?rply me
ham,Good Morning plz call me sir
ham,Oh ok..
ham,hi baby im cruisin with my girl friend what r u up 2? give me a call in and hour at home if thats alright or fone me on this fone now love jenny xxx
ham,Your pussy is perfect!
ham,aathi..where are you dear..
ham,Yep. I do like the pink furniture tho.
ham,Jay is snickering and tells me that x is totally fucking up the chords as we speak
ham,Good morning princess! Happy New Year!
ham,i see. When we finish we have loads of loans to pay
ham,Better. Made up for Friday and stuffed myself like a pig yesterday. Now I feel bleh. But at least its not writhing pain kind of bleh.
ham,Sorry i cant take your call right now. It so happens that there r 2waxsto do wat you want. She can come and ill get her medical insurance. And she'll be able to deliver and have basic care. I'm currently shopping for the right medical insurance for her. So just give me til friday morning. Thats when i.ll see the major person that can guide me to the right insurance.
ham,Don‘t give a flying monkeys wot they think and I certainly don‘t mind. Any friend of mine and all that!
ham,K and you're sure I don't have to have consent forms to do it :V
ham,K..give back my thanks.
ham,Wow didn't think it was that common. I take it all back ur not a freak! Unless u chop it off:-)
ham,"No, I was trying it all weekend ;V"
ham,You do your studies alone without anyones help. If you cant no need to study.
ham,K.k.this month kotees birthday know?
spam,Dear 0776xxxxxxx U've been invited to XCHAT. This is our final attempt to contact u! Txt CHAT to 86688 150p/MsgrcvdHG/Suite342/2Lands/Row/W1J6HL LDN 18yrs
ham,Its going good...no problem..but still need little experience to understand american customer voice...
ham,My stomach has been thru so much trauma I swear I just can't eat. I better lose weight.
ham,You intrepid duo you! Have a great time and see you both soon.
ham,Ok lar i double check wif da hair dresser already he said wun cut v short. He said will cut until i look nice.
ham,Check wid corect speling i.e. Sarcasm
ham,"Excellent, I'll see what riley's plans are"
ham,Oh yeah I forgot. U can only take 2 out shopping at once.
spam,Want explicit SEX in 30 secs? Ring 02073162414 now! Costs 20p/min
spam,Hi if ur lookin 4 saucy daytime fun wiv busty married woman Am free all next week Chat now 2 sort time 09099726429 JANINExx Calls£1/minMobsmoreLKPOBOX177HP51FL
ham,"Hello, my love. What are you doing? Did you get to that interview today? Are you you happy? Are you being a good boy? Do you think of me?Are you missing me ?"
ham,ALRITE
ham,Aww that's the first time u said u missed me without asking if I missed u first. You DO love me! :)
ham,Hey check it da. I have listed da.
ham,Are you plans with your family set in stone ?
ham,Let me know how it changes in the next 6hrs. It can even be appendix but you are out of that age range. However its not impossible. So just chill and let me know in 6hrs
spam,Sunshine Quiz Wkly Q! Win a top Sony DVD player if u know which country Liverpool played in mid week? Txt ansr to 82277. £1.50 SP:Tyrone
ham,I am in hospital da. . I will return home in evening
ham,You know my old Dom I told you about yesterday ? His name is Roger? He got in touch with me last night and wants me to meet him today at 2 pm
ham,Ok lor. I ned 2 go toa payoh 4 a while 2 return smth u wan 2 send me there or wat?
ham,Dont let studying stress you out. L8r.
ham,DO U WANT 2 MEET UP 2MORRO
ham,You sure your neighbors didnt pick it up
ham,Hey loverboy! I love you !! I had to tell ... I look at your picture and ache to feel you between my legs ... Fuck I want you ... I need you ... I crave you .
ham,Did he just say somebody is named tampa
ham,Message:some text missing* Sender:Name Missing* *Number Missing *Sent:Date missing *Missing U a lot thats y everything is missing sent via fullonsms.com
ham,Ü no home work to do meh...
spam,Natalie (20/F) is inviting you to be her friend. Reply YES-165 or NO-165 See her: www.SMS.ac/u/natalie2k9 STOP? Send STOP FRND to 62468
ham,Yar he quite clever but aft many guesses lor. He got ask me 2 bring but i thk darren not so willing 2 go. Aiya they thk leona still not attach wat.
ham,Is it your yahoo boys that bring in the perf? Or legal.
ham,"That‘s the thing with apes, u can fight to the death to keep something, but the minute they have it when u let go, thats it!"
ham,"If you're still up, maybe leave the credit card so I can get gas when I get back like he told me to"
ham,Does not operate after  &lt;#&gt;  or what
ham,Hey leave it. not a big deal:-) take care.
ham,I know a few people I can hit up and fuck to the yes
ham,Hi missed your Call and my mumHas beendropping red wine all over theplace! what is your adress?
ham,K k pa Had your lunch aha.
spam,"our mobile number has won £5000, to claim calls us back or ring the claims hot line on 09050005321."
ham,Okay... I booked all already... Including the one at bugis.
ham,Send me your id and password
ham,I had it already..sabarish asked me to go..
ham,As in different styles?
ham,You call times job today ok umma and ask them to speed up
spam,"This is the 2nd time we have tried 2 contact u. U have won the £750 Pound prize. 2 claim is easy, call 087187272008 NOW1! Only 10p per minute. BT-national-rate."
ham,As per your request 'Maangalyam (Alaipayuthe)' has been set as your callertune for all Callers. Press *9 to copy your friends Callertune
ham,Dear where you. Call me
ham,Kind of. Took it to garage. Centre part of exhaust needs replacing. Part ordered n taking it to be fixed tomo morning.
ham,How r ü going to send it to me?
ham,"I know where the  &lt;#&gt;  is, I'll be there around 5"
ham,Siva is in hostel aha:-.
ham,Aaooooright are you at work?
ham,"Japanese Proverb: If one Can do it, U too Can do it, If none Can do it,U must do it Indian version: If one Can do it, LET HIM DO it.. If none Can do it,LEAVE it!! And finally Kerala version: If one can do it, Stop him doing it.. If none can do it, Make a strike against it ..."
ham,R U &SAM P IN EACHOTHER. IF WE MEET WE CAN GO 2 MY HOUSE
ham,"K, I might come by tonight then if my class lets out early"
ham,"As usual..iam fine, happy &amp; doing well..:)"
ham,Hi mate its RV did u hav a nice hol just a message 3 say hello coz havent sent u 1 in ages started driving so stay off roads!RVx
ham,That one week leave i put know that time. Why.
ham,Pls go there today  &lt;#&gt; . I dont want any excuses
ham,"I'm in solihull, | do you want anything?"
spam,"Sunshine Hols. To claim ur med holiday send a stamped self address envelope to Drinks on Us UK, PO Box 113, Bray, Wicklow, Eire. Quiz Starts Saturday! Unsub Stop"
ham,Can. Dunno wat to get 4 her...
spam,PRIVATE! Your 2003 Account Statement for 078
ham,Yo you around? A friend of mine's lookin to pick up later tonight
ham,Sac needs to carry on:)
ham,Are you willing to go for aptitude class.
ham,With my sis lor... We juz watched italian job.
ham,Hey are we going for the lo lesson or gym?
spam,You have 1 new message. Please call 08718738034.
ham,S.i'm watching it in live..
ham,Nothing spl..wat abt u and whr ru?
ham,The world's most happiest frnds never have the same characters... Dey just have the best understanding of their differences...
spam,"U can WIN £100 of Music Gift Vouchers every week starting NOW Txt the word DRAW to 87066 TsCs www.Idew.com SkillGame, 1Winaweek, age16. 150ppermessSubscription"
ham,"I‘ve got some salt, you can rub it in my open wounds if you like!"
ham,somewhere out there beneath the pale moon light someone think in of u some where out there where dreams come true... goodnite &amp; sweet dreams
ham,Did u find out what time the bus is at coz i need to sort some stuff out.
ham,A little. Meds say take once every 8 hours. It's only been 5 but pain is back. So I took another. Hope I don't die
ham,"Yeah probably, I still gotta check out with leo"
ham,"So anyways, you can just go to your gym or whatever, my love *smiles* I hope your ok and having a good day babe ... I miss you so much already"
ham,"That's fine, have him give me a call if he knows what he wants or has any questions"
ham,Where's mummy's boy ? Is he being good or bad ? Is he being positive or negative ? Why is mummy being made to wait? Hmmmm?
ham,First has she gained more than  &lt;#&gt; kg since she took in. Second has she done the blood sugar tests. If she has and its ok and her blood pressure is within normal limits then no worries
ham,"Tee hee. Off to lecture, cheery bye bye."
ham,Will be out of class in a few hours. Sorry
ham,And popping &lt;#&gt; ibuprofens was no help.
ham,HIYA COMIN 2 BRISTOL 1 ST WEEK IN APRIL. LES GOT OFF + RUDI ON NEW YRS EVE BUT I WAS SNORING.THEY WERE DRUNK! U BAK AT COLLEGE YET? MY WORK SENDS INK 2 BATH.
ham,S:)s.nervous  &lt;#&gt; :)
ham,You please give us connection today itself before  &lt;DECIMAL&gt;  or refund the bill
spam,Dear Dave this is your final notice to collect your 4* Tenerife Holiday or #5000 CASH award! Call 09061743806 from landline. TCs SAE Box326 CW25WX 150ppm
ham,Alright. I'm out--have a good night!
ham,I have to take exam with march 3
ham,Hello. They are going to the village pub at 8 so either come here or there accordingly. Ok?
spam,WOW! The Boys R Back. TAKE THAT 2007 UK Tour. Win VIP Tickets & pre-book with VIP Club. Txt CLUB to 81303. Trackmarque Ltd info@vipclub4u.
spam,Someone has contacted our dating service and entered your phone because they fancy you! To find out who it is call from a landline 09111032124 . PoBox12n146tf150p
spam,Todays Voda numbers ending 7548 are selected to receive a $350 award. If you have a match please call 08712300220 quoting claim code 4041 standard rates app
ham,"Sorry man, my stash ran dry last night and I can't pick up more until sunday"
ham,Want to send me a virtual hug?... I need one
spam,Panasonic & BluetoothHdset FREE. Nokia FREE. Motorola FREE & DoubleMins & DoubleTxt on Orange contract. Call MobileUpd8 on 08000839402 or call 2optout
ham,And stop being an old man. You get to build snowman snow angels and snowball fights.
ham,Don't forget who owns you and who's private property you are ... And be my good boy always .. *passionate kiss*
ham,Can you do a mag meeting this avo at some point?
ham,Ok..
ham,"K, wat s tht incident?"
ham,Your gonna be the death if me. I'm gonna leave a note that says its all robs fault. Avenge me.
ham,Pls call me da. What happen.
ham,Wat makes some people dearer is not just de happiness dat u feel when u meet them but de pain u feel when u miss dem!!!
ham,Kay... Since we are out already
ham,"aight we can pick some up, you open before tonight?"
spam,How come it takes so little time for a child who is afraid of the dark to become a teenager who wants to stay out all night?
ham,K..k.:)congratulation ..
ham,"It wont b until 2.15 as trying 2 sort house out, is that ok?"
ham,Whens your radio show?
ham,What is important is that you prevent dehydration by giving her enough fluids
ham,No I'm in the same boat. Still here at my moms. Check me out on yo. I'm half naked.
ham,Aiyo cos i sms ü then ü neva reply so i wait 4 ü to reply lar. I tot ü havent finish ur lab wat.
spam,Dorothy@kiefer.com (Bank of Granite issues Strong-Buy) EXPLOSIVE PICK FOR OUR MEMBERS *****UP OVER 300% *********** Nasdaq Symbol CDGT That is a $5.00 per..
ham,Cool. So how come you havent been wined and dined before?
ham,That was random saw my old roomate on campus. He graduated
ham,Yar lor actually we quite fast... Cos da ge slow wat... Haha...
ham,So your telling me I coulda been your real Valentine and I wasn't? U never pick me for NOTHING!!
ham,Hasn't that been the pattern recently crap weekends?
spam,"Last Chance! Claim ur £150 worth of discount vouchers today! Text SHOP to 85023 now! SavaMob, offers mobile! T Cs SavaMob POBOX84, M263UZ. £3.00 Sub. 16"
ham,When/where do I pick you up
ham,Hey they r not watching movie tonight so i'll prob b home early...
ham,Please ask mummy to call father
spam,Sunshine Quiz Wkly Q! Win a top Sony DVD player if u know which country the Algarve is in? Txt ansr to 82277. £1.50 SP:Tyrone
ham,I wont do anything de.
ham,"Madam,regret disturbance.might receive a reference check from DLF Premarica.kindly be informed.Rgds,Rakhesh,Kerala."
spam,LIFE has never been this much fun and great until you came in. You made it truly special for me. I won't forget you! enjoy @ one gbp/sms
ham,Where is it. Is there any opening for mca.
spam,Freemsg: 1-month unlimited free calls! Activate SmartCall Txt: CALL to No: 68866. Subscriptn3gbp/wk unlimited calls Help: 08448714184 Stop?txt stop landlineonly
ham,The search 4 happiness is 1 of d main sources of unhappiness! Accept life the way it comes! U will find happiness in every moment u live.
ham,Sorry . I will be able to get to you. See you in the morning.
ham,"Sir, I am waiting for your mail."
spam,Ur cash-balance is currently 500 pounds - to maximize ur cash-in now send CASH to 86688 only 150p/msg. CC: 08718720201 PO BOX 114/14 TCR/W1
ham,Are you still getting the goods.
ham,"Yalru lyfu astne chikku.. Bt innu mundhe lyf ali halla ke bilo (marriage)program edhae, so lyf is nt yet ovr chikku..ali vargu lyfu meow meow:-D"
ham,Just woke up. Yeesh its late. But I didn't fall asleep til &lt;#&gt; am :/
ham,"Aiyo... Her lesson so early... I'm still sleepin, haha... Okie, u go home liao den confirm w me lor..."
ham,Dear good morning how you feeling dear
ham,Think + da. You wil do.
ham,"came to look at the flat, seems ok, in his 50s? * Is away alot wiv work. Got woman coming at 6.30 too."
spam,FreeMsg Today's the day if you are ready! I'm horny & live in your town. I love sex fun & games! Netcollex Ltd 08700621170150p per msg reply Stop to end
ham,"Aight, let me know when you're gonna be around usf"
ham,In work now. Going have in few min.
ham,Where r e meeting tmr?
ham,Why didn't u call on your lunch?
ham,"Wa, ur openin sentence very formal... Anyway, i'm fine too, juz tt i'm eatin too much n puttin on weight...Haha... So anythin special happened?"
spam,IMPORTANT INFORMATION 4 ORANGE USER 0796XXXXXX. TODAY IS UR LUCKY DAY!2 FIND OUT WHY LOG ONTO http://www.urawinner.com THERE'S A FANTASTIC PRIZEAWAITING YOU!
ham,Ok i juz receive..
spam,"Free-message: Jamster!Get the crazy frog sound now! For poly text MAD1, for real text MAD2 to 88888. 6 crazy sounds for just 3 GBP/week! 16+only! T&C's apply"
ham,Ok pa. Nothing problem:-)
ham,Aiyah then i wait lor. Then u entertain me. Hee...
ham,Then what about further plan?
ham,Well there's not a lot of things happening in Lindsay on New years *sighs* Some bars in Ptbo and the blue heron has something going
ham,K.i did't see you.:)k:)where are you now?
ham,He is there. You call and meet him
spam,Do you want 750 anytime any network mins 150 text and a NEW VIDEO phone for only five pounds per week call 08002888812 or reply for delivery tomorrow
spam,U have won a nokia 6230 plus a free digital camera. This is what u get when u win our FREE auction. To take part send NOKIA to 83383 now. POBOX114/14TCR/W1 16
ham,"Rose needs water, season needs change, poet needs imagination..My phone needs ur sms and i need ur lovely frndship forever...."
ham,Petey boy whereare you me and all your friendsare in theKingshead come down if you canlove Nic
ham,But if she.s drinkin i'm ok.
ham,And smile for me right now as you go and the world will wonder what you are smiling about and think your crazy and keep away from you ... *grins*
ham,I think i've fixed it can you send a test message?
spam,"As a valued customer, I am pleased to advise you that following recent review of your Mob No. you are awarded with a £1500 Bonus Prize, call 09066364589"
ham,"Text me when you get off, don't call, my phones having problems"
ham,Hi dis is yijue i would be happy to work wif ü all for gek1510...
ham,Much better now thanks lol
ham,Oh k:)after that placement there ah?
ham,"I think I‘m waiting for the same bus! Inform me when you get there, if you ever get there."
ham,"Sorry, I guess whenever I can get a hold of my connections, maybe an hour or two? I'll text you"
ham,HI DARLIN IVE JUST GOT BACK AND I HAD A REALLY NICE NIGHT AND THANKS SO MUCH FOR THE LIFT SEE U TOMORROW XXX
ham,Jus finish blowing my hair. U finish dinner already?
ham,Ok i've sent u da latest version of da project.
ham,Also maaaan are you missing out
ham,Hey! There's veggie pizza... :/
ham,See you there!
spam,Hi 07734396839 IBH Customer Loyalty Offer: The NEW NOKIA6600 Mobile from ONLY £10 at TXTAUCTION!Txt word:START to No:81151 & get Yours Now!4T&
spam,Hope you enjoyed your new content. text stop to 61610 to unsubscribe. help:08712400602450p Provided by tones2you.co.uk
ham,"Oh, then your phone phoned me but it disconnected"
ham,You want to go?
ham,Let Ur Heart Be Ur Compass Ur Mind Ur Map Ur Soul Ur Guide And U Will Never loose in world....gnun - Sent via WAY2SMS.COM
spam,"SMS SERVICES. for your inclusive text credits, pls goto www.comuk.net login= ***** unsubscribe with STOP. no extra charge. help:08700469649. PO BOX420. IP4 5WE"
ham,Hello beautiful r u ok? I've kinda ad a row wiv and he walked out the pub?? I wanted a night wiv u Miss u
ham,"(I should add that I don't really care and if you can't I can at least get this dude to fuck off but hey, your money if you want it)"
ham,Ok no prob... I'll come after lunch then...
ham,I want to see your pretty pussy...
ham,"Today is ""song dedicated day.."" Which song will u dedicate for me? Send this to all ur valuable frnds but first rply me..."
ham,Please da call me any mistake from my side sorry da. Pls da goto doctor.
ham,Y ü wan to go there? C doctor?
spam,U have a secret admirer who is looking 2 make contact with U-find out who they R*reveal who thinks UR so special-call on 09058094565
ham,Do you like shaking your booty on the dance floor?
ham,K..u also dont msg or reply to his msg..
ham,Now get step 2 outta the way. Congrats again.
ham,Ü still attending da talks?
ham,Were trying to find a Chinese food place around here
spam,Your unique user ID is 1172. For removal send STOP to 87239 customer services 08708034412
ham,And miss vday the parachute and double coins??? U must not know me very well...
ham,Have you finished work yet? :)
ham,I'm thinking that chennai forgot to come for auction..
ham,"Sorry, I'll call later"
ham,Yup i thk so until e shop closes lor.
ham,I am taking half day leave bec i am not well
ham,Send this to ur friends and receive something about ur voice..... How is my speaking expression? 1.childish 2.naughty 3.Sentiment 4.rowdy 5.ful of attitude 6.romantic 7.shy 8.Attractive 9.funny  &lt;#&gt; .irritating  &lt;#&gt; .lovable. reply me..
ham,Er yep sure. Props?
ham,Well then you have a great weekend!
ham,"This is one of the days you have a billion classes, right?"
ham,"I'm back, lemme know when you're ready"
ham,I'm coming back on Thursday. Yay. Is it gonna be ok to get the money. Cheers. Oh yeah and how are you. Everything alright. Hows school. Or do you call it work now
ham,You see the requirements please
ham,Guessin you ain't gonna be here before 9?
ham,I will be outside office take all from there
ham,"Oh, the grand is having a bit of a party but it doesn't mention any cover charge so it's probably first come first served"
ham,Yo you guys ever figure out how much we need for alcohol? Jay and I are trying to figure out how much we can safely spend on weed
ham,"TODAY is Sorry day.! If ever i was angry with you, if ever i misbehaved or hurt you? plz plz JUST SLAP URSELF Bcoz, Its ur fault, I'm basically GOOD"
spam,"As a valued customer, I am pleased to advise you that following recent review of your Mob No. you are awarded with a £1500 Bonus Prize, call 09066368470"
ham,I tot u reach liao. He said t-shirt.
spam,Free entry in 2 a weekly comp for a chance to win an ipod. Txt POD to 80182 to get entry (std txt rate) T&C's apply 08452810073 for details 18+
ham,"K, jason says he's gonna be around so I'll be up there around  &lt;#&gt;"
ham,"Good afternoon sexy buns! How goes the job search ? I wake and you are my first thought as always, my love. I wish your fine and happy and know I adore you!"
ham,"What i mean was i left too early to check, cos i'm working a 9-6."
ham,Of cos can lar i'm not so ba dao ok... 1 pm lor... Y u never ask where we go ah... I said u would ask on fri but he said u will ask today...
ham,Aiyo u so poor thing... Then u dun wan 2 eat? U bathe already?
ham,At what time are you coming.
ham,Thts god's gift for birds as humans hav some natural gift frm god..
spam,Someone U know has asked our dating service 2 contact you! Cant Guess who? CALL 09058091854 NOW all will be revealed. PO BOX385 M6 6WU
ham,"My planning usually stops at ""find hella weed, smoke hella weed"""
ham,K:)k:)what are detail you want to transfer?acc no enough?
ham,He's really into skateboarding now despite the fact that he gets thrown off of it and winds up with bandages and shit all over his arms every five minutes
spam,"Congrats 2 mobile 3G Videophones R yours. call 09063458130 now! videochat wid ur mates, play java games, Dload polypH music, noline rentl. bx420. ip4. 5we. 150p"
ham,You are right though. I can't give you the space you want and need. This is really starting to become an issue. I was going to suggest setting a definite move out--if i'm still there-- after greece. But maybe you are ready and should do it now.
ham,"I'm a guy, browsin is compulsory"
ham,I'll let you know when it kicks in
ham,There are some nice pubs near here or there is Frankie n Bennys near the warner cinema?
ham,Me fine..absolutly fine
ham,I think the other two still need to get cash but we can def be ready by 9
ham,Oh wow thats gay. Will firmware update help
ham,Ü still got lessons?  Ü in sch?
ham,Thank god they are in bed!
ham,Up to ü... Ü wan come then come lor... But i din c any stripes skirt...
ham,"Probably not, I'm almost out of gas and I get some cash tomorrow"
ham,excellent. I spent  &lt;#&gt;  years in the Air Force. Iraq and afghanistan. I am stable and honest. do you like traveling?
spam,Congratulations ur awarded either £500 of CD gift vouchers & Free entry 2 our £100 weekly draw txt MUSIC to 87066 TnCs www.Ldew.com1win150ppmx3age16
ham,If you don't respond imma assume you're still asleep and imma start calling n shit
spam,You have won a guaranteed 32000 award or maybe even £1000 cash to claim ur award call free on 0800 ..... (18+). Its a legitimat efreefone number wat do u think???
spam,Hey I am really horny want to chat or see me naked text hot to 69698 text charged at 150pm to unsubscribe text stop 69698
spam,This is the 2nd time we have tried to contact u. U have won the £1450 prize to claim just call 09053750005 b4 310303. T&Cs/stop SMS 08718725756. 140ppm
ham,When are you guys leaving?
ham,here is my new address -apples&pairs&all that malarky
ham,I'm in class. Did you get my text.
ham,No it's waiting in e car dat's bored wat. Cos wait outside got nothing 2 do. At home can do my stuff or watch tv wat.
ham,"No! But we found a diff farm shop to buy some cheese. On way back now, can i call in?"
ham,In meeting da. I will call you
ham,"I know you are thinkin malaria. But relax, children cant handle malaria. She would have been worse and its gastroenteritis. If she takes enough to replace her loss her temp will reduce. And if you give her malaria meds now she will just vomit. Its a self limiting illness she has which means in a few days it will completely stop"
ham,And maybe some pressies
ham,How u doin baby girl ?? hope u are okay every time I call ure phone is off! I miss u get in touch
ham,U attend ur driving lesson how many times a wk n which day?
ham,If you r @ home then come down within 5 min
ham,Good Morning my Dear........... Have a great &amp; successful day.
ham,"Easy mate, * guess the quick drink was bit ambitious."
ham,Nope i'm not drivin... I neva develop da photos lei...
ham,"I can't, I don't have her number!"
ham,Anything lar then ü not going home 4 dinner?
ham,Dear where you will be when i reach there
ham,If we win its really no 1 side for long time.
ham,"Sorry, I'll call later"
ham,Wat so late still early mah. Or we juz go 4 dinner lor. Aiya i dunno...
spam,December only! Had your mobile 11mths+? You are entitled to update to the latest colour camera mobile for Free! Call The Mobile Update Co FREE on 08002986906
spam,You have 1 new voicemail. Please call 08719181503
ham,"As in missionary hook up, doggy hook up, standing...|"
ham,"Sorry man, accidentally left my phone on silent last night and didn't check it til I got up"
spam,Promotion Number: 8714714 - UR awarded a City Break and could WIN a £200 Summer Shopping spree every WK. Txt STORE to 88039 . SkilGme. TsCs087147403231Winawk!Age16 £1.50perWKsub
ham,Great. Hope you are using your connections from mode men also cos you can never know why old friends can lead you to today
ham,"Ya tel, wats ur problem.."
ham,Wow v v impressed. Have funs shopping!
ham,"Sorry, I'll call later"
ham,No got new job at bar in airport on satsgettin 4.47per hour but means no lie in! keep in touch
spam,FREE>Ringtone! Reply REAL or POLY eg REAL1 1. PushButton 2. DontCha 3. BabyGoodbye 4. GoldDigger 5. WeBeBurnin 1st tone FREE and 6 more when u join for £3/wk
ham,Tell your friends what you plan to do on Valentines day @ &lt;URL&gt;
spam,Text PASS to 69669 to collect your polyphonic ringtones. Normal gprs charges apply only. Enjoy your tones
ham,Yes princess! I want to make you happy...
ham,"She said,'' do u mind if I go into the bedroom for a minute ? '' ''OK'', I sed in a sexy mood. She came out 5 minuts latr wid a cake...n My Wife,"
ham,"Ill call u 2mrw at ninish, with my address that icky American freek wont stop callin me 2 bad Jen k eh?"
ham,"Good afternoon on this glorious anniversary day, my sweet J !! I hope this finds you happy and content, my Prey. I think of you and send a teasing kiss from across the sea coaxing images of fond souveniers ... You Cougar-Pen"
spam,Ur TONEXS subscription has been renewed and you have been charged £4.50. You can choose 10 more polys this month. www.clubzed.co.uk *BILLING MSG*
spam,Natalja (25/F) is inviting you to be her friend. Reply YES-440 or NO-440 See her: www.SMS.ac/u/nat27081980 STOP? Send STOP FRND to 62468
ham,Did u see what I posted on your Facebook?
ham,You were supposed to wake ME up &gt;:(
spam,Get ur 1st RINGTONE FREE NOW! Reply to this msg with TONE. Gr8 TOP 20 tones to your phone every week just £1.50 per wk 2 opt out send STOP 08452810071 16
ham,SORRY IM STIL FUCKED AFTER LAST NITE WENT TOBED AT 430 GOT UP 4 WORK AT 630
ham,Men like shorter ladies. Gaze up into his eyes.
ham,So when you gonna get rimac access
ham,Hey hun-onbus goin 2 meet him. He wants 2go out 4a meal but I donyt feel like it cuz have 2 get last bus home!But hes sweet latelyxxx
ham,S'fine. Anytime. All the best with it.
ham,Normally i use to drink more water daily:)
ham,Good morning princess! How are you?
spam,"Think ur smart ? Win £200 this week in our weekly quiz, text PLAY to 85222 now!T&Cs WinnersClub PO BOX 84, M26 3UZ. 16+. GBP1.50/week"
ham,I was up all night too worrying about this appt. It's a shame we missed a girls night out with quizzes popcorn and you doing my hair.
ham,Im just wondering what your doing right now?
spam,Ur cash-balance is currently 500 pounds - to maximize ur cash-in now send GO to 86688 only 150p/meg. CC: 08718720201 HG/Suite342/2lands Row/W1j6HL
ham,"Aight, I'll hit you up when I get some cash"
spam,Please CALL 08712402578 immediately as there is an urgent message waiting for you
ham,Then ur physics get a-?
ham,Dont put your phone on silent mode ok
ham,Just send a text. We'll skype later.
ham,Joy's father is John. Then John is the ____ of Joy's father. If u ans ths you hav  &lt;#&gt;  IQ. Tis s IAS question try to answer.
ham,"That's what I love to hear :V see you sundayish, then"
ham,I think i am disturbing her da
ham,Gud ni8 dear..slp well..take care..swt dreams..Muah..
ham,Idk. I'm sitting here in a stop and shop parking lot right now bawling my eyes out because i feel like i'm a failure in everything. Nobody wants me and now i feel like i'm failing you.
ham,Hi. Happy New Year. I dont mean to intrude but can you pls let me know how much tuition you paid last semester and how much this semester is. Thanks
ham,K..k:)how much does it cost?
ham,"HEY THERE BABE, HOW U DOIN? WOT U UP 2 2NITE LOVE ANNIE X."
ham,I want to send something that can sell fast.  &lt;#&gt; k is not easy money.
ham,"Anyway I don't think I can secure anything up here, lemme know if you want me to drive down south and chill"
ham,"So many people seems to be special at first sight, But only very few will remain special to you till your last sight.. Maintain them till life ends.. Sh!jas"
ham,"I do know what u mean,  is the king of not havin credit! I'm goin2bed now. Night night sweet! Only1more sleep!"
ham,You can never do NOTHING
spam,Guess what! Somebody you know secretly fancies you! Wanna find out who it is? Give us a call on 09065394514 From Landline DATEBox1282EssexCM61XN 150p/min 18
spam,"Free msg. Sorry, a service you ordered from 81303 could not be delivered as you do not have sufficient credit. Please top up to receive the service."
ham,You still around? I could use a half-8th
ham,Maybe i could get book out tomo then return it immediately ..? Or something.
spam,Your next amazing xxx PICSFREE1 video will be sent to you enjoy! If one vid is not enough for 2day text back the keyword PICSFREE1 to get the next video.
ham,Can you talk with me..
spam,We tried to contact you re your reply to our offer of a Video Handset? 750 anytime any networks mins? UNLIMITED TEXT? Camcorder? Reply or call 08000930705 NOW
ham,Hey so whats the plan this sat?
ham,How dare you change my ring
ham,Holy living christ what is taking you so long
ham,K:)eng rocking in ashes:)
ham,Wait.i will come out.. &lt;#&gt;  min:)
spam,Dont forget you can place as many FREE Requests with 1stchoice.co.uk as you wish. For more Information call 08707808226.
ham,Yeah if we do have to get a random dude we need to change our info sheets to PARTY  &lt;#&gt; /7 NEVER STUDY just to be safe
ham,"K, can I pick up another 8th when you're done?"
ham,Dear how is chechi. Did you talk to her
ham,There is os called ubandu which will run without installing in hard disk...you can use that os to copy the important files in system and give it to repair shop..
ham,"Sorry battery died, yeah I'm here"
ham,Happy valentines day I know its early but i have hundreds of handsomes and beauties to wish. So i thought to finish off aunties and uncles 1st...
ham,You need to get up. Now.
ham,U in town alone?
ham,Enjoy ur life. . Good night
spam,Call from 08702490080 - tells u 2 call 09066358152 to claim £5000 prize. U have 2 enter all ur mobile & personal details @ the prompts. Careful!
ham,I know you are serving. I mean what are you doing now.
ham,Gud ni8 dear..slp well..take care..swt dreams..Muah..
ham,"Total disappointment, when I texted you was the craziest shit got :("
spam,Don't b floppy... b snappy & happy! Only gay chat service with photo upload call 08718730666 (10p/min). 2 stop our texts call 08712460324
ham,U still going to the mall?
ham,I said its okay. Sorry
ham,I'm gonna rip out my uterus.
ham,Cramps stopped. Going back to sleep
ham,Have you emigrated or something? Ok maybe 5.30 was a bit hopeful...
ham,"Alright we're hooked up, where you guys at"
ham,Ya just telling abt tht incident..
ham,No management puzzeles.
ham,"No idea, I guess we'll work that out an hour after we're supposed to leave since as usual nobody has any interest in figuring shit out before the last second"
ham,Company is very good.environment is terrific and food is really nice:)
ham,Not sure I have the stomach for it ...
ham,Ya:)going for restaurant..
ham,Been running but only managed 5 minutes and then needed oxygen! Might have to resort to the roller option!
ham,Today is ACCEPT DAY..U Accept me as? Brother Sister Lover Dear1 Best1 Clos1 Lvblefrnd Jstfrnd Cutefrnd Lifpartnr Belovd Swtheart Bstfrnd No rply means enemy
ham,No she didnt. I will search online and let you know.
spam,2p per min to call Germany 08448350055 from your BT line. Just 2p per min. Check PlanetTalkInstant.com for info & T's & C's. Text stop to opt out
ham,"I'm done. I'm sorry. I hope your next space gives you everything you want. Remember all the furniture is yours. If i'm not around when you move it, just lock all the locks and leave the key with jenne."
ham,Yeah he got in at 2 and was v apologetic. n had fallen out and she was actin like spoilt child and he got caught up in that. Till 2! But we won't go there! Not doing too badly cheers. You?
ham,"Ya ok, then had dinner?"
ham,Pick you up bout 7.30ish? What time are  and that going?
spam,Free video camera phones with Half Price line rental for 12 mths and 500 cross ntwk mins 100 txts. Call MobileUpd8 08001950382 or Call2OptOut/674&
ham,"Yeah work is fine, started last week, all the same stuff as before, dull but easy and guys are fun!"
ham,… and don‘t worry we‘ll have finished by march … ish!
ham,"Dear,regret i cudnt pick call.drove down frm ctla now at cochin home.left mobile in car..ente style ishtamayoo?happy bakrid!"
spam,"YOU 07801543489 are guaranteed the latests Nokia Phone, a 40GB iPod MP3 player or a £500 prize! Txt word:COLLECT to No:83355! TC-LLC NY-USA 150p/Mt msgrcvd18+"
ham,"Send ur birthdate with month and year, I will tel u ur LIFE PARTNER'S name. and the method of calculation. Reply must."
ham,You have registered Sinco as Payee. Log in at icicibank.com and enter URN  &lt;#&gt;  to confirm. Beware of frauds. Do NOT share or disclose URN to anyone.
ham,Love you aathi..love u lot..
ham,Let me know when you've got the money so carlos can make the call
ham,Hey... Very inconvenient for your sis a not huh?
ham,Yup. Thk of u oso boring wat.
ham,So u gonna get deus ex?
ham,Okay... We wait ah
ham,Okey dokey swashbuckling stuff what oh.
spam,"We know someone who you know that fancies you. Call 09058097218 to find out who. POBox 6, LS15HB 150p"
ham,It so happens that there r 2waxsto do wat you want. She can come and ill get her medical insurance. And she'll be able to deliver and have basic care. I'm currently shopping for the right medical insurance for her. So just give me til friday morning. Thats when i.ll see the major person that can guide me to the right insurance.
spam,"This weeks SavaMob member offers are now accessible. Just call 08709501522 for details! SavaMob, POBOX 139, LA3 2WU. Only £1.50/week. SavaMob - offers mobile!"
ham,4 oclock at mine. Just to bash out a flat plan.
ham,May i call You later Pls
ham,"Storming msg: Wen u lift d phne, u say ""HELLO"" Do u knw wt is d real meaning of HELLO?? . . . It's d name of a girl..! . . . Yes.. And u knw who is dat girl?? ""Margaret Hello"" She is d girlfrnd f Grahmbell who invnted telphone... . . . . Moral:One can 4get d name of a person, bt not his girlfrnd... G o o d n i g h t . . .@"
ham,"Oh, yes, I've just been a little under the weather so i've kind of been coccooning at home"
ham,YO YO YO BYATCH WHASSUP?
ham,But i dint slept in afternoon.
ham,i thought we were doing a king of the hill thing there.
spam,"URGENT! You have won a 1 week FREE membership in our £100,000 Prize Jackpot! Txt the word: CLAIM to No: 81010 T&C www.dbuk.net LCCLTD POBOX 4403LDNW1A7RW18"
ham,What is the plural of the noun research?
ham,"Wen u miss someone, the person is definitely special for u..... But if the person is so special, why to miss them, just Keep-in-touch gdeve.."
ham,"Bloody hell, cant believe you forgot my surname Mr . Ill give u a clue, its spanish and begins with m..."
ham,Olol i printed out a forum post by a guy with the exact same  prob which was fixed with a gpu replacement. Hopefully they dont ignore that.
ham,Good Morning plz call me sir
ham,Thanks for your message. I really appreciate your sacrifice. I'm not sure of the process of direct pay but will find out on my way back from the test tomorrow. I'm in class now. Do have a wonderful day.
ham,Both :) i shoot big loads so get ready!
ham,I'm glad. You are following your dreams.
ham,Just glad to be talking to you.
spam,"Customer service announcement. We recently tried to make a delivery to you but were unable to do so, please call 07099833605 to re-schedule. Ref:9280114"
ham,"Do 1 thing! Change that sentence into: ""Because i want 2 concentrate in my educational career im leaving here.."""
ham,"Sir, I have been late in paying rent for the past few months and had to pay a $ &lt;#&gt;  charge. I felt it would be inconsiderate of me to nag about something you give at great cost to yourself and that's why i didnt speak up. I however am in a recession and wont be able to pay the charge this month hence my askin well ahead of month's end. Can you please help. Thanks"
ham,"Good afternoon sunshine! How dawns that day ? Are we refreshed and happy to be alive? Do we breathe in the air and smile ? I think of you, my love ... As always"
ham,I sent them. Do you like?
ham,"Waqt se pehle or naseeb se zyada kisi ko kuch nahi milta,Zindgi wo nahi he jo hum sochte hai Zindgi wo hai jo ham jeetey hai.........."
ham,Yeah I don't see why not
ham,If u sending her home first it's ok lor. I'm not ready yet.
ham,:-( sad puppy noise
spam,"Dear Matthew please call 09063440451 from a landline, your complimentary 4*Lux Tenerife holiday or £1000 CASH await collection. ppm150 SAE T&Cs Box334 SK38XH."
ham,"Arngd marriage is while u r walkin unfortuntly a snake bites u. bt love marriage is dancing in frnt of d snake &amp; sayin Bite me, bite me."
ham,Pls come quick cant bare this.
spam,I don't know u and u don't know me. Send CHAT to 86688 now and let's find each other! Only 150p/Msg rcvd. HG/Suite342/2Lands/Row/W1J6HL LDN. 18 years or over.
ham,Ok lor...
spam,"U've been selected to stay in 1 of 250 top British hotels - FOR NOTHING! Holiday valued at £350! Dial 08712300220 to claim - National Rate Call. Bx526, SW73SS"
ham,Dunno da next show aft 6 is 850. Toa payoh got 650.
ham,Dunno cos i was v late n when i reach they inside already... But we ate spageddies lor... It's e gals who r laughing at me lor...
ham,Where is that one day training:-)
ham,Now only i reached home. . . I am very tired now. . I will come tomorro
ham,"Dear,shall mail tonite.busy in the street,shall update you tonite.things are looking ok.varunnathu edukkukayee raksha ollu.but a good one in real sense."
spam,"complimentary 4 STAR Ibiza Holiday or £10,000 cash needs your URGENT collection. 09066364349 NOW from Landline not to lose out! Box434SK38WP150PPM18+"
ham,Smile in Pleasure Smile in Pain Smile when trouble pours like Rain Smile when sum1 Hurts U Smile becoz SOMEONE still Loves to see u Smiling!!
ham,Are there TA jobs available? Let me know please cos i really need to start working
spam,"Congrats! 2 mobile 3G Videophones R yours. call 09063458130 now! videochat wid your mates, play java games, Dload polyPH music, noline rentl."
ham,Pass dis to all ur contacts n see wat u get! Red;i'm in luv wid u. Blue;u put a smile on my face. Purple;u r realy hot. Pink;u r so swt. Orange;i thnk i lyk u. Green;i realy wana go out wid u. Yelow;i wnt u bck. Black;i'm jealous of u. Brown;i miss you Nw plz giv me one color
ham,Taka lor. Wat time u wan 2 come n look 4 us?
ham,"Sure, whenever you show the fuck up &gt;:("
ham,I am not having her number sir
ham,Lul im gettin some juicy gossip at the hospital. Two nurses are talking about how fat they are gettin. And one thinks shes obese. Oyea.
ham,E admin building there? I might b slightly earlier... I'll call u when i'm reaching...
ham,Watching telugu movie..wat abt u?
ham,Anything lor. Juz both of us lor.
ham,"Save yourself the stress. If the person has a dorm account, just send your account details and the money will be sent to you."
ham,Lolnice. I went from a fish to ..water.?
ham,"We are at grandmas. Oh dear, u still ill? I felt Shit this morning but i think i am just hungover! Another night then. We leave on sat."
ham,Also are you bringing galileo or dobby
ham,"Cool, text me when you're ready"
ham,Am surfing online store. For offers do you want to buy any thing.
ham,Oh you got many responsibilities.
ham,"Me, i dont know again oh"
ham,"Aight, I'm chillin in a friend's room so text me when you're on the way"
ham,So how's scotland. Hope you are not over showing your JJC tendencies. Take care. Live the dream
ham,They have a thread on the wishlist section of the forums where ppl post nitro requests. Start from the last page and collect from the bottom up.
ham,HARD BUT TRUE: How much you show &amp;  express your love to someone....that much it will hurt when they leave you or you get seperated...!鈥┾??〨ud evening...
ham,Ok
ham,I'm doing da intro covers energy trends n pros n cons... Brief description of nuclear fusion n oso brief history of iter n jet got abt 7 n half pages..
spam,"For ur chance to win a £250 wkly shopping spree TXT: SHOP to 80878. T's&C's www.txt-2-shop.com custcare 08715705022, 1x150p/wk"
ham,It should take about  &lt;#&gt;  min
ham,IM REALY SOZ IMAT MY MUMS 2NITE WHAT ABOUT 2MORO
ham,What time is ur flight tmr?
ham,"Sorry pa, i dont knw who ru pa?"
ham,I'm already back home so no probably not
ham,East coast
spam,Want 2 get laid tonight? Want real Dogging locations sent direct 2 ur Mob? Join the UK's largest Dogging Network by txting MOAN to 69888Nyt. ec2a. 31p.msg@150p
ham,PLEASSSSSSSEEEEEE TEL ME V AVENT DONE SPORTSx
ham,"Its ok chikku, and its my 1 of favourite song..:-)"
ham,Yup i shd haf ard 10 pages if i add figures... Ü all got how many pages?
spam,"I want some cock! My hubby's away, I need a real man 2 satisfy me. Txt WIFE to 89938 for no strings action. (Txt STOP 2 end, txt rec £1.50ea. OTBox 731 LA1 7WS. )"
ham,On the way to office da..
ham,I know complain num only..bettr directly go to bsnl offc nd apply for it..
ham,Call me when u finish then i come n pick u.
ham,Hey anyway i have to :-)
spam,Congratulations ur awarded 500 of CD vouchers or 125gift guaranteed & Free entry 2 100 wkly draw txt MUSIC to 87066
ham,So what did the bank say about the money?
ham,Is there any training tomorrow?
ham,"So many people seems to be special at first sight, But only very few will remain special to you till your last sight.. Maintain them till life ends.. Sh!jas"
ham,Orh i tot u say she now still dun believe.
spam,goldviking (29/M) is inviting you to be his friend. Reply YES-762 or NO-762 See him: www.SMS.ac/u/goldviking STOP? Send STOP FRND to 62468
ham,"We have sent JD for Customer Service cum Accounts Executive to ur mail id, For details contact us"
ham,Is fujitsu s series lifebook good?
ham,Left dessert. U wan me 2 go suntec look 4 u?
ham,Badrith is only for chennai:)i will surely pick for us:)no competition for him.
ham,Baaaaaaaabe! Wake up ! I miss you ! I crave you! I need you!
ham,No calls..messages..missed calls
ham,Ok thanx... Take care then...
ham,"Honeybee Said: *I'm d Sweetest in d World* God Laughed &amp; Said: *Wait,U Havnt Met d Person Reading This Msg* MORAL: Even GOD Can Crack Jokes! GM+GN+GE+GN:)"
ham,Good evening! How are you?
ham,"Edison has rightly said, ""A fool can ask more questions than a wise man can answer"" Now you know why all of us are speechless during ViVa.. GM,GN,GE,GNT:-)"
ham,"Haha yeah I see that now, be there in a sec"
ham,Yes.he have good crickiting mind
ham,Then dun wear jeans lor...
ham,For real tho this sucks. I can't even cook my whole electricity is out. And I'm hungry.
ham,Also that chat was awesome but don't make it regular unless you can see her in person
ham,I am on the way to tirupur.
ham,"I can make it up there, squeezed  &lt;#&gt;  bucks out of my dad"
ham,I tot it's my group mate... Lucky i havent reply... Wat time do ü need to leave...
ham,I got a call from a landline number. . . I am asked to come to anna nagar . . . I will go in the afternoon
ham,Yes. Please leave at  &lt;#&gt; . So that at  &lt;#&gt;  we can leave
ham,"Goodnight, sleep well da please take care pa. Please."
ham,Ard 515 like dat. Y?
ham,No problem with the renewal. I.ll do it right away but i dont know his details.
ham,"K, my roommate also wants a dubsack and another friend may also want some so plan on bringing extra, I'll tell you when they know for sure"
ham,;-) ok. I feel like john lennon.
ham,Another month. I need chocolate weed and alcohol.
ham,Same. Wana plan a trip sometme then
ham,No wonder... Cos i dun rem seeing a silver car... But i thk i saw a black one...
spam,Hello. We need some posh birds and chaps to user trial prods for champneys. Can i put you down? I need your address and dob asap. Ta r
ham,Nope... Juz off from work...
ham,"Goodmorning, today i am late for 1hr."
ham,"Night has ended for another day, morning has come in a special way. May you smile like the sunny rays and leaves your worries at the blue blue bay. Gud mrng"
ham,Ugh fuck it I'm resubbing to eve
ham,Ok i am on the way to railway
ham,Gimme a few was  &lt;#&gt;  minutes ago
ham,If you have belive me. Come to my home.
ham,Really dun bluff me leh... U sleep early too. Nite...
ham,I wont touch you with out your permission.
ham,Cos i want it to be your thing
spam,Mobile Club: Choose any of the top quality items for your mobile. 7cfca1a
ham,Do you know when the result.
ham,"Now, whats your house # again ? And do you have any beer there ?"
ham,I am in bus on the way to calicut
ham,From someone not to smoke when every time I've smoked in the last two weeks is because of you calling or texting me that you wanted to smoke
ham,You always make things bigger than they are
ham,Hi..i got the money da:)
ham,"Sir, i am waiting for your call, once free please call me."
ham,"K, makes sense, btw carlos is being difficult so you guys are gonna smoke while I go pick up the second batch and get gas"
ham,Then ü come n pick me at 530 ar?
spam,We tried to contact you re our offer of New Video Phone 750 anytime any network mins HALF PRICE Rental camcorder call 08000930705 or reply for delivery Wed
spam,Thanks for your subscription to Ringtone UK your mobile will be charged £5/month Please confirm by replying YES or NO. If you reply NO you will not be charged
ham,Well I might not come then...
ham,"Haha, that was the first person I was gonna ask"
spam,You have 1 new message. Please call 08712400200.
ham,"Hi, Mobile no.  &lt;#&gt;  has added you in their contact list on www.fullonsms.com It s a great place to send free sms to people For more visit fullonsms.com"
ham,Serious? What like proper tongued her
ham,Ok...
spam,"If you don't, your prize will go to another customer. T&C at www.t-c.biz 18+ 150p/min Polo Ltd Suite 373 London W1J 6HL Please call back if busy"
ham,How much for an eighth?
ham,"Not really dude, have no friends i'm afraid :("
ham,Got meh... When?
ham,So why didnt you holla?
ham,I'll reach in ard 20 mins ok...
ham,I AM AT A PARTY WITH ALEX NICHOLS
ham,"Goodmorning, today i am late for 2hrs. Because of back pain."
ham,Audrie lousy autocorrect
spam,Camera - You are awarded a SiPix Digital Camera! call 09061221066 fromm landline. Delivery within 28 days.
spam,URGENT This is our 2nd attempt to contact U. Your £900 prize from YESTERDAY is still awaiting collection. To claim CALL NOW 09061702893
ham,I'm fine. Hope you are also
ham,Nothin comes to my mind. Ü help me buy hanger lor. Ur laptop not heavy?
ham,"Hi, wkend ok but journey terrible. Wk not good as have huge back log of marking to do"
ham,What Today-sunday..sunday is holiday..so no work..
spam,Gr8 new service - live sex video chat on your mob - see the sexiest dirtiest girls live on ur phone - 4 details text horny to 89070 to cancel send STOP to 89070
ham,Noooooooo please. Last thing I need is stress. For once in your life be fair.
ham,I'm also came to room.
spam,CDs 4u: Congratulations ur awarded £500 of CD gift vouchers or £125 gift guaranteed & Freeentry 2 £100 wkly draw xt MUSIC to 87066 TnCs www.ldew.com1win150ppmx3age16
ham,I thk 530 lor. But dunno can get tickets a not. Wat u doing now?
ham,Sleeping nt feeling well
ham,"If we hit it off, you can move in with me :)"
ham,Hey!!! I almost forgot ... Happy B-day babe ! I love ya!!
ham,"Sir, hope your day is going smoothly. i really hoped i wont have to bother you about this. I have some bills that i can't settle this month. I am out of all extra cash. I know this is a challenging time for you also but i have to let you know."
ham,No probs hon! How u doinat the mo?
ham,I see a cup of coffee animation
ham,"Can you pls pls send me a mail on all you know about relatives coming to deliver here? All you know about costs, risks, benefits and anything else. Thanks."
spam,Here is your discount code RP176781. To stop further messages reply stop. www.regalportfolio.co.uk. Customer Services 08717205546
ham,Two teams waiting for some players
ham,Takin a shower now but yeah I'll leave when I'm done
ham,Sorry. You never hear unless you book it. One was kinda a joke--thet were really looking for skinny white girls. The other was one line--you can only do so much on camera with that. Something like that they're casting on the look.
spam,"This is the 2nd time we have tried to contact u. U have won the £400 prize. 2 claim is easy, just call 087104711148 NOW! Only 10p per minute. BT-national-rate"
ham,Nice talking to you! please dont forget my pix :) i want to see all of you...
ham,Haven't eaten all day. I'm sitting here staring at this juicy pizza and I can't eat it. These meds are ruining my life.
ham,Have you heard about that job? I'm going to that wildlife talk again tonight if u want2come. Its that2worzels and a wizzle or whatever it is?!
ham,"We're all getting worried over here, derek and taylor have already assumed the worst"
ham,Your opinion about me? 1. Over 2. Jada 3. Kusruthi 4. Lovable 5. Silent 6. Spl character 7. Not matured 8. Stylish 9. Simple Pls reply..
ham,Hey.. Something came up last min.. Think i wun be signing up tmr.. Hee
spam,U have a secret admirer who is looking 2 make contact with U-find out who they R*reveal who thinks UR so special-call on 09058094599
spam,URGENT We are trying to contact you Last weekends draw shows u have won a £1000 prize GUARANTEED Call 09064017295 Claim code K52 Valid 12hrs 150p pm
ham,"Come to mu, we're sorting out our narcotics situation"
ham,Home so we can always chat
ham,Am not working but am up to eyes in philosophy so will text u later when a bit more free for chat...
ham,"Whats that coming over the hill..... Is it a monster! Hope you have a great day. Things r going fine here, busy though!"
spam,From next month get upto 50% More Calls 4 Ur standard network charge 2 activate Call 9061100010 C Wire3.net 1st4Terms PoBox84 M26 3UZ Cost £1.50 min MobcudB more
ham,You'd like that wouldn't you? Jerk!
ham,*deep sigh* ... I miss you :-( ... I am really surprised you haven't gone to the net cafe yet to get to me ... Don't you miss me?
ham,"As I entered my cabin my PA said, '' Happy B'day Boss !!''. I felt special. She askd me 4 lunch. After lunch she invited me to her apartment. We went there."
ham,Its sunny in california. The weather's just cool
ham,"House-Maid is the murderer, coz the man was murdered on  &lt;#&gt; th January.. As public holiday all govt.instituitions are closed,including post office.."
ham,Ok...
ham,Sorry i've not gone to that place. I.ll do so tomorrow. Really sorry.
ham,"Babe ! How goes that day ? What are you doing ? Where are you ? I sip my cappuccino and think of you, my love ... I send a kiss to you from across the sea"
ham,Any way where are you and what doing.
ham,Hope you are not scared!
ham,Yup bathe liao...
ham,"Men always needs a beautiful, intelligent, caring, loving, adjustable, cooperative wife. But the law allows only one wife...."
ham,WHO ARE YOU SEEING?
ham,If you ask her or she say any please message.
ham,Oh gei. That happend to me in tron. Maybe ill dl it in 3d when its out
ham,Tomorrow i am not going to theatre. . . So i can come wherever u call me. . . Tell me where and when to come tomorrow
spam,Great News! Call FREEFONE 08006344447 to claim your guaranteed £1000 CASH or £2000 gift. Speak to a live operator NOW!
ham,Lmao. Take a pic and send it to me.
spam,"Welcome to Select, an O2 service with added benefits. You can now call our specially trained advisors FREE from your mobile by dialling 402."
ham,I agree. So i can stop thinkin about ipad. Can you please ask macho the same question.
ham,I know girls always safe and selfish know i got it pa. Thank you. good night.
ham,"Kate jackson rec center before 7ish, right?"
ham,No no. I will check all rooms befor activities
ham,I'm at work. Please call
spam,Free entry in 2 a wkly comp to win FA Cup final tkts 21st May 2005. Text FA to 87121 to receive entry question(std txt rate)T&C's apply 08452810075over18's
ham,"How about clothes, jewelry, and trips?"
ham,So there's a ring that comes with the guys costumes. It's there so they can gift their future yowifes. Hint hint
spam,You have been specially selected to receive a 2000 pound award! Call 08712402050 BEFORE the lines close. Cost 10ppm. 16+. T&Cs apply. AG Promo
ham,Ya but it cant display internal subs so i gotta extract them
ham,Beautiful truth : Expression of the face could Be seen by everyone... But the depression of heart Could be understood only By the Loved ones.. Gud Ni8;-)
ham,Don't forget though that I love you .... And I walk beside you. Watching over you and keeping your heart warm.
ham,Stupid auto correct on my phone
ham,Discussed with your mother ah?
spam,Not heard from U4 a while. Call 4 rude chat private line 01223585334 to cum. Wan 2C pics of me gettin shagged then text PIX to 8552. 2End send STOP 8552 SAM xxx
ham,So what about you. What do you remember
ham,Future is not what we planned for tomorrow.....! it is the result of what we do today...! Do the best in present... enjoy the future.
ham,Eh ur laptop got no stock lei... He say mon muz come again to take a look c got a not...
ham,Ha ha ha good joke. Girls are situation seekers.
ham,Yeah just open chat and click friend lists. Then make the list. Easy as pie
ham,Jus finish watching tv... U?
ham,Anything lor... U decide...
ham,I know but you need to get hotel now. I just got my invitation but i had to apologise. Cali is to sweet for me to come to some english bloke's weddin
ham,"When you get free, call me"
ham,Thank u. IT BETTER WORK OUT CAUSE I WILL FEEL USED OTHERWISE
ham,This weekend is fine (an excuse not to do too much decorating)
ham,Otherwise had part time job na-tuition..
ham,Eh u remember how 2 spell his name... Yes i did. He v naughty make until i v wet.
ham,Hey you still want to go for yogasana? Coz if we end at cine then can go bathe and hav the steam bath
ham,"Sorry, I'll call later"
spam,FreeMsg: Fancy a flirt? Reply DATE now & join the UKs fastest growing mobile dating service. Msgs rcvd just 25p to optout txt stop to 83021. Reply DATE now!
ham,"Got ur mail Dileep.thank you so muchand look forward to lots of support...very less contacts here,remember one venugopal you mentioned.tomorrow if not late,i shall try to come up till there.goodnight dear."
ham,"I sent my scores to sophas and i had to do secondary application for a few schools. I think if you are thinking of applying, do a research on cost also. Contact joke ogunrinde, her school is one me the less expensive ones"
ham,Goodnight da thangam I really miss u dear.
ham,No b4 Thursday
ham,U dun say so early hor... U c already then say...
ham,"Yeah, probably earlier than that"
spam,18 days to Euro2004 kickoff! U will be kept informed of all the latest news and results daily. Unsubscribe send GET EURO STOP to 83222.
ham,Tomarrow final hearing on my laptop case so i cant.
ham,"Hey babe, sorry i didn't get sooner. Gary can come and fix it cause he thinks he knows what it is but he doesn't go as far a Ptbo and he says it will cost  &lt;#&gt;  bucks. I don't know if it might be cheaper to find someone there ? We don't have any second hand machines at all right now, let me know what you want to do babe"
ham,Aiyo please ü got time meh.
ham,I wish! I don't think its gonna snow that much. But it will be more than those flurries we usually get that melt before they hit the ground. Eek! We haven't had snow since &lt;#&gt; before I was even born!
ham,What's up. Do you want me to come online?
ham,Lol! U drunkard! Just doing my hair at d moment. Yeah still up 4 tonight. Wats the plan?
ham,"Superb Thought- ""Be grateful that u dont have everything u want. That means u still have an opportunity to be happier tomorrow than u are today."":-)"
ham,Come to my home for one last time i wont do anything. Trust me.
ham,oh ya... Got hip hop open. Haha i was thinking can go for jazz then zoom to cine... Actually tonight i'm free leh... And there's a kb lesson tonight
ham,Moji just informed me that you saved our lives. Thanks.
spam,"Sunshine Hols. To claim ur med holiday send a stamped self address envelope to Drinks on Us UK, PO Box 113, Bray, Wicklow, Eire. Quiz Starts Saturday! Unsub Stop"
ham,Then we gotta do it after that
spam,For sale - arsenal dartboard. Good condition but no doubles or trebles!
ham,Want to finally have lunch today?
ham,"Actually, my mobile is full of msg. And i m doing a work online, where i need to send them  &lt;#&gt;  sent msg i wil explain u later."
ham,Yes:)here tv is always available in work place..
ham,"Er, hello, things didn‘t quite go to plan – is limping slowly home followed by aa and with exhaust hanging off"
ham,I dunno lei... Like dun haf...
ham,R u still working now?
ham,Are you available for soiree on June 3rd?
ham,So how many days since then?
ham,Yes baby! We can study all the positions of the kama sutra ;)
ham,But i'm really really broke oh. No amount is too small even  &lt;#&gt;
ham,Thanx a lot...
ham,"The guy at the car shop who was flirting with me got my phone number from the paperwork and called and texted me. I'm nervous because of course now he may have my address. Should i call his boss and tell him, knowing this may get him fired?"
ham,"Poyyarikatur,kolathupalayam,unjalur post,erode dis, &lt;#&gt; ."
ham,I'm home...
ham,Mm that time you dont like fun
spam,Sex up ur mobile with a FREE sexy pic of Jordan! Just text BABE to 88600. Then every wk get a sexy celeb! PocketBabe.co.uk 4 more pics. 16 £3/wk 087016248
ham,Lol I would but despite these cramps I like being a girl.
ham,Are we doing the norm tomorrow? I finish just a 4.15 cos of st tests. Need to sort library stuff out at some point tomo - got letter from today - access til end march so i better get move on!
ham,Wylie update: my weed dealer carlos went to freedom and had a class with lunsford
ham,Lmao but its so fun...
ham,Sorry. || mail? ||
ham,Then get some cash together and I'll text jason
ham,"(No promises on when though, haven't even gotten dinner yet)"
spam,Congratulations ur awarded 500 of CD vouchers or 125gift guaranteed & Free entry 2 100 wkly draw txt MUSIC to 87066 TnCs www.Ldew.com1win150ppmx3age16
ham,Customer place i will call you
spam,Are you unique enough? Find out from 30th August. www.areyouunique.co.uk
ham,Aight sorry I take ten years to shower. What's the plan?
ham,How much r ü willing to pay?
ham,I anything lor...
spam,Want the latest Video handset? 750 anytime any network mins? Half price line rental? Reply or call 08000930705 for delivery tomorrow
ham,Your board is working fine. The issue of overheating is also reslove. But still software inst is pending. I will come around 8'o clock.
ham,Yup i'm still having coffee wif my frens... My fren drove she'll give me a lift...
ham,"sry can't talk on phone, with parents"
ham,LMAO where's your fish memory when I need it?
ham,Eat jap done oso aft ur lect wat... Ü got lect at 12 rite...
ham,We are supposed to meet to discuss abt our trip... Thought xuhui told you? In the afternoon. Thought we can go for lesson after that
ham,Mom wants to know where you at
ham,Anyway seriously hit me up when you're back because otherwise I have to light up with armand and he always has shit and/or is vomiting
ham,Check audrey's status right now
ham,No need lar. Jus testing e phone card. Dunno network not gd i thk. Me waiting 4 my sis 2 finish bathing so i can bathe. Dun disturb u liao u cleaning ur room.
ham,"As usual..iam fine, happy &amp; doing well..:)"
spam,Refused a loan? Secured or Unsecured? Can't get credit? Call free now 0800 195 6669 or text back 'help' & we will!
ham,K..then come wenever u lik to come and also tel vikky to come by getting free time..:-)
ham,"I'll get there at 3, unless you guys want me to come some time sooner"
ham,"Goodmorning, today i am late for  &lt;DECIMAL&gt; min."
ham,Yo do you know anyone  &lt;#&gt;  or otherwise able to buy liquor? Our guy flaked and right now if we don't get a hold of somebody its just 4 loko all night
ham,No..jst change tat only..
ham,Yeah it's jus rite...
ham,OK i'm waliking ard now... Do u wan me 2 buy anything go ur house?
ham,Somebody set up a website where you can play hold em using eve online spacebucks
ham,Give me a sec to think think about it
ham,As per your request 'Melle Melle (Oru Minnaminunginte Nurungu Vettam)' has been set as your callertune for all Callers. Press *9 to copy your friends Callertune
ham,Will do. Have a good day
ham,Should I head straight there or what
ham,And also I've sorta blown him off a couple times recently so id rather not text him out of the blue looking for weed
ham,Is toshiba portege m100 gd?
ham,Aiyar hard 2 type. U later free then tell me then i call n scold n tell u.
ham,Actually i'm waiting for 2 weeks when they start putting ad.
spam,"Get 3 Lions England tone, reply lionm 4 mono or lionp 4 poly. 4 more go 2 www.ringtones.co.uk, the original n best. Tones 3GBP network operator rates apply."
ham,Msg me when rajini comes.
ham,I called and said all to him:)then he have to choose this future.
spam,-PLS STOP bootydelious (32/F) is inviting you to be her friend. Reply YES-434 or NO-434 See her: www.SMS.ac/u/bootydelious STOP? Send STOP FRND to 62468
ham,I'm hungry buy smth home...
ham,I take it we didn't have the phone callon Friday. Can we assume we won't have it this year now?
ham,"Good evening Sir, hope you are having a nice day. I wanted to bring it to your notice that I have been late in paying rent for the past few months and have had to pay a $ &lt;#&gt;  charge. I felt it would be inconsiderate of me to nag about something you give at great cost to yourself and that's why i didnt speak up. I however am in a recession and wont be able to pay the charge this month hence my askin well ahead of month's end. Can you please help. Thank you for everything."
ham,U can call now...
ham,Don know..wait i will check it.
ham,Just normal only here :)
ham,U WILL SWITCH YOUR FONE ON DAMMIT!!
ham,Sday only joined.so training we started today:)
ham,Yes. Rent is very expensive so its the way we save.
ham,Anytime lor...
ham,Yup
ham,Hey sexy buns! What of that day? No word from you this morning on YM ... :-( ... I think of you
ham,Ummmmmaah Many many happy returns of d day my dear sweet heart.. HAPPY BIRTHDAY dear
ham,"I didnt get ur full msg..sometext is missing, send it again"
spam,"U can WIN £100 of Music Gift Vouchers every week starting NOW Txt the word DRAW to 87066 TsCs www.Idew.com SkillGame, 1Winaweek, age16. 150ppermessSubscription"
ham,I am not sure about night menu. . . I know only about noon menu
spam,"FreeMsg Hey there darling it's been 3 week's now and no word back! I'd like some fun you up for it still? Tb ok! XxX std chgs to send, £1.50 to rcv"
ham,"Hi. Hope ur day * good! Back from walk, table booked for half eight. Let me know when ur coming over."
ham,"Haha... Sounds crazy, dunno can tahan anot..."
ham,You are a great role model. You are giving so much and i really wish each day for a miracle but God as a reason for everything and i must say i wish i knew why but i dont. I've looked up to you since i was young and i still do. Have a great day.
ham,"Sorry, I'll call later in meeting."
ham,Yo theres no class tmrw right?
ham,I had askd u a question some hours before. Its answer
ham,"Hello, hello, hi lou sorry it took so long 2 reply- I left mobile at friends in Lancaster, just got it bak Neway im sorry I couldnt make ur bday 2 hun!"
ham,Just re read it and I have no shame but tell me how he takes it and if he runs I will blame u 4 ever!! Not really 4 ever just a long time
ham,You call him and tell now infront of them. Call him now.
ham,Oh oh... Wasted... Den muz chiong on sat n sun liao...
spam,Reply to win £100 weekly! Where will the 2006 FIFA World Cup be held? Send STOP to 87239 to end service
ham,Will be office around 4 pm. Now i am going hospital.
ham,"Yes, my reg is  Ciao!"
ham,Lol no. U can trust me.
ham,"Do 1 thing! Change that sentence into: ""Because i want 2 concentrate in my educational career im leaving here.."""
ham,Fwiw the reason I'm only around when it's time to smoke is that because of gas I can only afford to be around when someone tells me to be and that apparently only happens when somebody wants to light up
ham,"CHA QUITEAMUZING THATSCOOL BABE,PROBPOP IN & CU SATTHEN HUNNY 4BREKKIE! LOVE JEN XXX. PSXTRA LRG PORTIONS 4 ME PLEASE "
ham,Okay name ur price as long as its legal! Wen can I pick them up? Y u ave x ams xx
ham,"Aight text me when you're back at mu and I'll swing by, need somebody to get the door for me"
ham,Great. Never been better. Each day gives even more reasons to thank God
spam,"Loan for any purpose £500 - £75,000. Homeowners + Tenants welcome. Have you been previously refused? We can still help. Call Free 0800 1956669 or text back 'help'"
ham,In life when you face choices Just toss a coin not becoz its settle the question But while the coin in the air U will know what your heart is hoping for. Gudni8
ham,"Fuuuuck I need to stop sleepin, sup"
ham,"And that's fine, I got enough bud to last most of the night at least"
ham,Even if he my friend he is a priest call him now
ham,Jay says that you're a double-faggot
ham,Aah! A cuddle would be lush! I'd need lots of tea and soup before any kind of fumbling!
ham,"It's ok, at least armand's still around"
ham,No need lar i go engin? Cos my sis at arts today...
ham,Can ü all decide faster cos my sis going home liao..
ham,What's happening with you. Have you gotten a job and have you begun registration for permanent residency
ham,Ok no problem... Yup i'm going to sch at 4 if i rem correctly...
ham,Mmmm ... Fuck ... Not fair ! You know my weaknesses ! *grins* *pushes you to your knee's* *exposes my belly and pulls your head to it* Don't forget ... I know yours too *wicked smile*
ham,All done? All handed in? Celebrations in full swing yet?
spam,Ur cash-balance is currently 500 pounds - to maximize ur cash-in now send CASH to 86688 only 150p/msg. CC: 08708800282 HG/Suite342/2Lands Row/W1J6HL
ham,Da is good good player.why he is unsold.
spam,Dear Voucher Holder 2 claim your 1st class airport lounge passes when using Your holiday voucher call 08704439680. When booking quote 1st class x 2
ham,Wat time u finish ur lect today?
ham,Hi:)cts employee how are you?
ham,Raviyog Peripherals bhayandar east
ham,Waaaat?? Lololo ok next time then!
ham,You in your room? I need a few
ham,WHORE YOU ARE UNBELIEVABLE.
ham,I am joining today formally.Pls keep praying.will talk later.
ham,2mro i am not coming to gym machan. Goodnight.
ham,"Pete,is this your phone still? Its Jenny from college and Leanne.what are you up to now?:)"
ham,How much i gave to you. Morning.
ham,I;m reaching in another 2 stops.
ham,Are you coming to day for class.
ham,"Well am officially in a philosophical hole, so if u wanna call am at home ready to be saved!"
ham,What you doing?how are you?
ham,"Yeah, don't go to bed, I'll be back before midnight"
ham,I did. One slice and one breadstick. Lol
ham,Was just about to ask. Will keep this one. Maybe that's why you didn't get all the messages we sent you on glo
ham,Cos darren say ü considering mah so i ask ü...
ham,Everybody had fun this evening. Miss you.
ham,I have a rather prominent bite mark on my right cheek
ham,No probably  &lt;#&gt; %.
