text,label
Why did the miner feel so low? he was in a deep depression.,humor
Pete carroll was approached by a hooker last night but he said i'll pass,humor
Beyonce's obama earrings are made by erika peña (photos),no_humor
How does a whore relieve herself? she prosti-toots!,humor
Don't let the media and marco rubio tell you he 'won' by finishing third in iowa,no_humor
'show me a hero': david simon is still mad as hell,no_humor
What do you get if you cross a dog with concorde  ? a jet setter !,humor
A depressed french baker sobs bitterly into the dough... his life is pain.,humor
"Interviewer: do you plan on having children? me: i have four, why start now?",humor
Manhunt for brussels attacks suspects enters second day,no_humor
The makers of pedia-lite are making emory boards for kids. they call them pedia-files.,humor
Got an a on my paper... time to write the rest of it,humor
Why'd the semen cross the road? i wore the wrong pair of socks.,humor
Maybe you let me ride the bus for free?,humor
5 sexy nail lacquers to rock this fall,no_humor
Woman claims she had miscarriage after cop used stun gun against her,no_humor
Friend: we should have a drink sometime *never contacts them again*,humor
Why we copy people around us without even realizing it,no_humor
The new tattoo parlor across the street is free if you show boobs... ...tit for tat.,humor
"And god said, let there be light ! chuck norris says say please",humor
10 cities that spend the most on ice cream,no_humor
‘bye baby' video: nas puts on a divorce play,no_humor
Kristen stewart has some good advice for daisy ridley,no_humor
17 crazy ideas that are borderline genius (photos),no_humor
What is cleverer than a talking cat ? a spelling bee !,humor
"Carrie underwood does her own hair, sleeps in strange places (photos)",no_humor
So this dyslexic guy walks into a bra ...,humor
What is common between 5 and 7? brendan sullivan,humor
Superfood edamame is super versatile: try one of these 3 cool ways to eat it,no_humor
"It's not you, it's meat - vegan break up",humor
Uk prime minister race between leadsom and may heats up,no_humor
Yo mama head so small she use a tea-bag as a pillow.,humor
"My daughter asked me if opposite day is real. i said yes. because, you know. opposite.",humor
Hundreds remember the life of terence crutcher at funeral service,no_humor
What do you call a turlte that flies? a shellocopter. damn homies,humor
Jose canseco accidentally shoots himself in the hand,no_humor
I once told a joke about hinduism on r/jokes... it was instant karma.,humor
Brutal super pac ad hits donald trump for mocking reporter with disability,no_humor
How do you know when a jewish chef is done cooking? you check the oven.,humor
Selena gomez is so sultry performing 'same old love' at the 2015 amas,no_humor
These stunning older celebs ruled the oscars red carpet,no_humor
"I was sucking off my new thai bride, last night when i thought.. hang on a fuckin' minute",humor
What do kermit the frog and henry the eighth have in common? they share the same middle name.,humor
What's worse than stubbing your toe? the holocaust,humor
4 people were about to have sex i think they were in foursome fun,humor
You deserve more than a guy who wears t-shirts with witty sayings that he bought from jcpenney.,humor
I'm so hipster... i wear modern clothes before anybody in the future wears them as hipster fashion.,humor
Why the sadman buy keybord? because is the key to hapennies,humor
Cute kid note of the day: '2013 goals',no_humor
"A toast to wives, girlfriends, and lovers. may they never meet.",humor
Hillary clinton and bernie sanders disagree on taxing soda,no_humor
A look back at the 4 years since the pa dems voted for a fracking moratorium,no_humor
"Fail-proof diet: cut sugar, fats, pasta, alcohol, bread and wrists.",humor
If at first you don't succeed: try management.,humor
Fall table ideas that will instantly make your home cozy (photos),no_humor
Amanda peet was really excited about her husband's emmy win for 'game of thrones',no_humor
People who use that snobby pronunciation of vase make me want to punch them in the foz.,humor
Third oakland police chief out in just over a week,no_humor
10 uncomfortable deeds that will pay off forever,no_humor
What obama's new move on guns does for domestic violence survivors,no_humor
Sexy is when a woman is hot enough to flaunt it but chooses not to.,humor
Hundreds of mysterious 'love' signs pop up to stem crime in new orleans,no_humor
Hamptons journal: hall & oates rock rydell high evoking nostalgia for the mid-century,no_humor
"When i meet women, i immediately start talking about global warming. it's a real icebreaker.",humor
Sza already won the grammys with her mom and grandma as dates,no_humor
What do bunnies do when they get married? go on a bunnymoon,humor
"My girlfriend asked me if her vagina smelled like fish... i said; yes, ariel, it does.",humor
Do you know why the baby jesus wasn't born in iowa? they couldn't find three wise men!!!,humor
Man: what can i do you for? woman: a bottle of wine and cab fare,humor
Why are there so many trees in harlem? for public transportation.,humor
The flash was caught high... he seemed to have taken speed.,humor
Wiz khalifa's 'see you again' video makes a touching tribute to paul walker,no_humor
Why is junkrat a feminist's favorite class in overwatch? triggered,humor
"How much does a polar bear weigh? enough to lower your standards, i'm moonsout_goonsout",humor
Amber rose reveals why she defended kim kardashian's nude photo,no_humor
The bed and breakfast that turned out to be anything but charming,no_humor
An invisible man marries an invisible woman. the kids were nothing to look at either.,humor
I've got 99 problems. - walt disney after only being able to give two dalmatian puppies away,humor
"Man mistakes jellyfish for breast implant, immediately suspects foul play",no_humor
Getting children out of poverty requires a two-generation approach,no_humor
"Time for a police based knock knock joke. pew pew pew it's the police, open the door!",humor
"Physical, mental job strain could have long-term effects on health",no_humor
These latinos' reactions to 'coco' prove representation matters,no_humor
People across the country share how mlk has inspired them,no_humor
Why do dyslexics make bad joke tellers? they always punch up the fuckline,humor
What do you call a crazy mexican dog? perronoid,humor
How is it that photons travel so fast? they are light.,humor
"Sources: competition committee agrees to changes to strike zone, intentional walks",no_humor
The thing about good music is.. ...its technically sound.,humor
You might be from mexico but i'm sure i've eaten more mexican food than you.,humor
We welcome bruce jenner with open arms -- but he's not our standard bearer,no_humor
"Dan daru, local reporter, makes little boy cry on live tv (video)",no_humor
Secondary market that lets people sell their excess twitter characters.,humor
Precooked bacon: why you should never buy it,no_humor
Democratic leaders not quite ready for a jobs guarantee,no_humor
Tracy morgan tells david letterman he solved the fiscal cliff crisis (video),no_humor
I just found out a distant relative of mine has eaten three people. it's a lot to digest,humor
Bill o'reilly may have lied about experiencing combat zone in el salvador,no_humor
"Vladimir putin, donald trump plan cooperation in syria against isis: kremlin",no_humor
How raising the minimum wage to $15 changed these workers' lives,no_humor
‘game of thrones’ actor discovers document signed by famously censured priest,no_humor
The sleeping giant has been awakened…and it is angry…,no_humor
U.s. to withhold $65 million in aid for palestinians,no_humor
The easy way to make the butter mints of your childhood,no_humor
Man caught on tape allegedly setting fire to arizona lgbtq center,no_humor
How do you stop bacon from curling in the pan? take away their tiny brooms!,humor
"'the atlantic' to launch new politics section, election hub",no_humor
Women should be like a well placed rug you should be able to lay them then leave them,humor
Just ordered a pizza and jogged past my gym holding it over my head like the olympic torch.,humor
How do you start a rave in ethiopia? you put a piece of bread on the ceiling,humor
Sorry i faked my death during the middle of your boring story.,humor
Jeff sessions clearly doesn't care about crime in u.s. cities,no_humor
Could you take a couple steps back. i have a nut allergy.,humor
I'm at my most michael phelps when i find out someone has peed in the pool.,humor
What did the pastor say when his blanket rose up from his bed? holy sheet!,humor
How did hitler react to the fall of berlin? he did nazi-it coming.,humor
What did the police do when they wanted to interrogate mark? question mark.,humor
"What has five arms, three legs and a head? the finish line at the boston marathon",humor
I threw a cat in a lake i have finally made a pussy wet.,humor
What do you call a dinosaur with explosive diarrhea? a shitty-sore-ass.,humor
"What did julius caesar say after taking cleopatra's virginity? veni, vidi... veni.",humor
"If you think your child is annoying, imagine what i think.",humor
What do you call four mexicans in quicksand? cuatro sinko,humor
*hands you a handbasket* you know what to do.......,humor
Why do scotsmen wear kilts? because sheep can hear a zipper from a mile away.,humor
Guess a movie funded by reddit featuring tom hanks and matt damon.???? shaving pao's privates. ;),humor
Ellen page and ian daniel visit orlando for 'gaycation' special,no_humor
What peanut butter do total dicks eat? schmuckers.,humor
What cloud is so lazy because it will not get up?  -fog,humor
Trump suggests north korea summit could still happen,no_humor
"No more adult conversations, prayers or moments of silence",no_humor
2015 will be remembered as a historic year for women in baseball,no_humor
"Kate moss, style icon, encased in bronze bodysuit in dazzling pop cover (photos)",no_humor
My room is getting so messy ...that f.c. barcelona is trying to recruit it,humor
What kind of pants does agent mulder wear? just a pair 'a normal pants.,humor
A fly walks into a bar... and asks: is this stool taken?,humor
One simple thing you can do to help create a kinder world in the new year,no_humor
"I always wanted to be somebody, but now i realize i should have been more specific.",humor
"How do you get to matthew mcconaughey's house? all right, all right, all right..",humor
Why are alabama weddings so small? they've only gotta invite one family,humor
Did you hear ellen degeneres drowned? they found her face down in rikki lake,humor
What critically acclaimed movie did zeus star in? the godfather,humor
What do you call shaka zulu with a fire cracker? boom-shaka-laka!,humor
"Aura friedman, celebrity hair colorist and blogger, talks about showering with lady gaga",no_humor
"Thursday's morning email: charleston shooting leaves nine dead, reportedly a hate crime",no_humor
What happens when you have ear sex you get hearing aids,humor
Facebook still won't own up to its role in the 2016 election,no_humor
"Tamron hall's 'today' show style is spunky, sophisticated & super bright (photos)",no_humor
What subject did the warlock major in at university? fel-osophy,humor
When the man you love asks you to lose weight,no_humor
Stephen colbert talks turkey with baffled butterball customers,no_humor
Donald trump is not a rapist. he's an alternative romantic.,humor
'maze runner' star dylan o'brien reportedly run over by car during filming,no_humor
"How music sales have changed over 30 years, in 30 seconds",no_humor
What's the difference between jam and marmalade? you can't marmalade your dick in someone's ass.,humor
"Despite trump administration fearmongering, 2017 is among safest years ever for police",no_humor
"Jeremy lin leads new york knicks over dallas mavericks, 104-97 (video)",no_humor
Slugs are obviously snails that have been through a divorce.,humor
Keanu reeves watching a keanu reeves movie trying to figure out how he's in two places at once.,humor
"Rev. al sharpton blasts oscars, group plans boycott of award show",no_humor
Where do you find a dog with no legs? where you left it.,humor
What do you call a ghost detective? an inspectre,humor
Damn girl! i think you're giving me mesothelioma cuz yo ass bestest!,humor
Sorry i'm late... i was at the hospital *cough* my boyfriend has tuberculosis.,humor
What does a clock do when it's hungry? it goes back **four seconds**!,humor
Divorce is tough on some kids. mine were just happy to be single again.,humor
"Face it, pope francis, the catholic church is a gay institution",no_humor
'great gatsby' wedding inspiration for 1920s-themed nuptials (photos),no_humor
"I'm on the reich track baby, i was born this race. -nazi gaga",humor
U.s. olympic committee tells athletes to consider not attending rio games over zika virus,no_humor
Where do muslims go on a weekend? to mecca bingo.,humor
Chilling with eskimos q: what do eskimos get from sitting on a block of ice? a. polaroids.,humor
An open letter to 1d's zayn malik from a mom,no_humor
Photos show how different prisons and jails look around the world,no_humor
"Sugary drinks linked to over 180,000 deaths worldwide",no_humor
This is why i prefer the bodies of older women,no_humor
An invisible man marries an invisible woman... the kids were nothing to look at either.,humor
What we can learn from taiwan about aging,no_humor
What was the first reference to pole vaulting in the bible? when jesus cleared the temple.,humor
Armed fugitive disguises himself as an old man to evade cops,no_humor
The internet and social media: how to disconnect,no_humor
"At the end of your uber ride, you can donate to fight hiv/aids",no_humor
Why did the russians send a dog to space to die? because they didn't lajka.,humor
Man praises 'luke cage' for showing black men in hoodies aren't threats,no_humor
First named hurricane of the season forms off mexico,no_humor
Randy moss thanks 49ers in tweet: 'wished we could've finished the job',no_humor
I don't think black people know that you can get just one tattoo.,humor
"Kids, you tried your best and you failed miserably. the lesson is, never try.",humor
An easy way to understand why donald trump is wrong about climate change,no_humor
What's a young birds favourite game? #beak a boo!,humor
The worst states to be unemployed: 24/7 wall st.,no_humor
Trippy video teaches entire history of japan in just 9 minutes,no_humor
What did the redditor do at the restaurant when he was done with his meal? \*tips waitress*,humor
What do you call a black guy flying a plane a pilot you racist!,humor
What's the difference between the foo fighters and nickleback? nickleback sucks.,humor
"Oh, i'll just have a water *winks at camera*",humor
How is debbie reynolds like my penis? they both had a stroke when they saw carrie fishers body.,humor
"Clinton calls for criminal justice reforms, protested by black student activists",no_humor
Ten years of helping orphans and vulnerable children affected by aids -- a celebration of pepfar,no_humor
I heard the best joke the other day! it was about anti-climaxes.,humor
What did the organic chemist use tinder for? carbon dating.,humor
"Marriage expectations: young people expect marriages to last, study says",no_humor
So there are these pants that have padding to make ones butt appear larger... ...it's anal-lusion!,humor
I accidently swallowed some scrabble tiles my next dump could spell disaster,humor
9 low-key editors who remind us that fashion doesn't need to be wild and crazy,no_humor
What do you call the boss hit by a shrink ray? micromanagement!,humor
These abandoned buildings are adorned with stunning portraits of women,no_humor
Knowing is half the battle. the other half is choosing the right pokemon.,humor
U.s. luger emily sweeney wipes out in dramatic olympics crash,no_humor
"I've spent the past four years looking for my ex-girlfriend's killer, but no one will do it.",humor
You can visit the national parks for free this weekend,no_humor
What does a mexican use to cut pizza? little caesars,humor
Toronto: museums and a ferry ride; great pizza and other good dining,no_humor
Lob haircuts are having a moment in this week's best & worst beauty (photos),no_humor
How do you feel when there is no coffee? depresso.,humor
James corden and wife julia are expecting a new baby,no_humor
Would you like to hear a joke? donald trump,humor
"Katy perry, heidi klum, chanel iman & more instagram fourth of july style (photos)",no_humor
I can't stand being in a wheelchair. ...,humor
Where do mice park their boats? at the hickory dickory dock!,humor
Pregnant naya rivera hits the beach in a bikini,no_humor
Gop voters are rallying behind trump as if he were any other candidate,no_humor
There’s a high chance of a contested republican convention,no_humor
Who doesn't like to sit in front of the fire? a snowman.,humor
Emma thompson says real-life heartbreak inspired 'love actually' performance,no_humor
Why is it good to have a blonde passenger? you can park in the handicap zone.,humor
What do pentecostals and nudists have in common? neither can wear pants,humor
"Two hefty guys are drinking in the pub, one says your round.",humor
"Teacher -what does coincidence' mean? student  funny, i was just going to ask you that.",humor
Stay connected and save some bucks while cruising,no_humor
How did djengis khan found mongolia? one steppe at a time.,humor
Tom price says he'll pay taxpayers back for using private jets. but just for his seat.,no_humor
What do you call a vibrating cat? an ocellate.,humor
Youtube prankster cements his own head inside a microwave for clicks,no_humor
"London knife rampage leaves american woman dead, 5 injured",no_humor
"Did you hear that hiv isn't spread by a virus? yeah, it's spread by a fun guy",humor
What do you sing at a twins bat mitzvah? happy birthday two jews,humor
This hilarious little kid must be the most motivational trainer on earth,no_humor
"So, i found three different sized socks while cleaning my room. that's odd...",humor
I believe unicorns were the first to call each other dickheads.,humor
"Tasteless joke (nsfw) knock knock, who's there? two dead babies",humor
What do you call a stolen tesla? an edison,humor
Why you should think twice before opting for free 2-day shipping,no_humor
Divorce causes: could your own divorce cause friends and family to split?,no_humor
Astonishing video captures the unbreakable bond between twins,no_humor
"This morning i found out the terrible news about david bowie, he released a new album.",humor
Ariel the little mermaid gets plastic surgery in questionable new ad (photo),no_humor
Planning an arts-centered vacation: three great online resources,no_humor
"Depression's peculiar grip on black lgbtqs, part three",no_humor
This stunning h&m gown is made from plastic waste,no_humor
What do you call an elephant that can't do  sums ? dumbo !,humor
"Americans eat 1,083,333 football fields worth of wings on super bowl sunday and other fun facts",no_humor
Why are there no puerto rican's in star trek? they won't work in the future either.,humor
Even if i had a refrigerator with glass doors; i would still stand there with the door open.,humor
What do you tell a woman with two black eyes? nothing. you told her twice already...,humor
Why do you never have sex with someone's ear? because you'll give them hearing aids.,humor
Chuck norris once kicked a horse in the chin. its decendants are known today as giraffes.,humor
*chasing after a rooster* give me your cool hat,humor
Send text messages from your pc with mobogenie hi,humor
This commercial goes out to all the girls who love superheroes,no_humor
"The man who invented knock-knock jokes... he deserves a no-bell prize. i'll see myself out, thanks.",humor
Apple genius: how did u get so much water on the laptop  me: hurricane,humor
You shouldn't say mean things about the illiterate you should write them,humor
"So, what's your favorite part of a banana?",humor
What's the top selling book of all time in korea? 101 ways to wok your dog,humor
What do you call a gorilla that's hair is two different colors? harambre,humor
Quickest way to offend a jew you tell them noweh!,humor
I bought a cosmo magazine that said best sex ever! all i got was a bunch of papercuts.,humor
How did the gay wizard dissappear? he went with a poof!,humor
Pregnancy is like a black ops mission they're both expensive to abort.,humor
Nancy pelosi is right about workers getting 'crumbs' from the tax bill,no_humor
"Never mind what the constitution says, our prison system has run amok",no_humor
What's the definition of polystyrene? a plastic parrot!,humor
"The 7 days of my week.....monday, monday, monday, monday, friday, saturday and premonday",humor
Great global style in rio de janeiro and at sao paolo fashion week,no_humor
Is blowjob one word or two words? god i hate writing thank you cards.,humor
Nutrition experts weigh in on the new dietary guidelines,no_humor
Why we should judge the world on the health of women,no_humor
What's the hardest part of a vegetable to eat? the wheelchair.,humor
Jimmy fallon gives advice to hillary clinton -- donald trump-style,no_humor
I turned 18 today so the first thing i did was your mom,humor
I never dreamed that little pictures on a screen would feel like friends... yet here i am.,humor
What's the difference between a preschool and a brothel? you should know this you sick fuck.,humor
How to completely unplug from your smartphone for an entire day,no_humor
What has more brains than kurt cobain? the wall behind him,humor
Why was the baby strawberry crying? because his mother was in a jam.,humor
"How to find yourself, when you've lost yourself",no_humor
Whats a hippy?? the thingy where your leggies hang from,humor
How is a jew like a new pair of eyeglasses? they're both tight in the temples.,humor
10 things not to say to someone going through fertility treatments,no_humor
Guys i got the new name for pokemon go. we will call it natural selection.,humor
I'd say 6:30 is the best time on a clock. hands down.,humor
Made a graph of my past relationships i have an ex-axis and a why-axis,humor
What did the vegatable say to the fruit? turnip,humor
Where does saddam hussein keep his plates? in iraq.,humor
What do most indian people have in common? they all like to singh.,humor
I love to run. around the house. chasing my toddler. because she took my iced coffee.,humor
When is an aardvark jumpy? when he's got ants in his pants!,humor
Me: i heard oxygen and magnesium are going out. friend: omg!,humor
"What did the blind, innocent, sweet, paraplegic 7 year old boy get for his birthday? cancer.",humor
What's the most fucked up joke you know that is not racist in any way? lemme have it.,humor
Watch: why octopuses don't get all tangled up,no_humor
New eu air pollution targets fall short of ambition,no_humor
The legacy of prohibition on wine 80 years later,no_humor
"Faith, hope and charity: a german look to 2015",no_humor
Courtney cachet's my mom's the bomb! mother's day gift guide,no_humor
"I became a father late last night. reddit, what are your best dad jokes?",humor
Mindy kaling's emmy dress 2013 is a tight aubergine stunner (photos),no_humor
Knock knock who's there ! arson ! arson who ! arson mccullers !,humor
"If i committed suicide, i'd do it in front of a mirror... i'll see myself out.",humor
Top reason patients sue doctors: failure to diagnose,no_humor
Teen accused in townville school shooting faces murder charge after child dies,no_humor
Wanda sykes gets right to the point with donald trump diss,no_humor
I'm gonna look to my left and run as fast as i can. - toddlers,humor
"Come on, there has got to be at least one business like show business.",humor
"New mexico man accused of killing wife, 4 children",no_humor
5 things your real estate agent won't tell you (video),no_humor
Angry mimes give each other the talking treatment.,humor
"If you roll out your chapstick more than an inch, i'll see you in court.",humor
"Maxine waters to bill o'reilly: 'i'm a strong black woman, and i cannot be intimidated'",no_humor
7 lessons i've learned in my first year of recovery from anorexia,no_humor
Digital marketing in the era of the empowered consumer,no_humor
Webmd's slogan should be it could be nothing.. but its probably cancer.,humor
"Yeah, conservatives. i will marry a dog. i'll marry 12 dogs. i'm a dog mormon now.",humor
Ask michael cohen: how to deal with someone that you used to know,no_humor
Woody allen's 'café society' will open the cannes film festival,no_humor
*seeing words in itallic...* makes me want to eat *pasta*.,humor
Is 2017 the year of the black woman mayor?,no_humor
What do you call an aardvark good with a light saber? a darthvark!,humor
Why hope is a loser in this election,no_humor
What's the coolest answer to a multi-choice question? b),humor
Burger king's full name is burger luther king jr.,humor
I do not have an ocd over tidiness. i just wanted to clear that up.,humor
Happiness level as an alternative to economic growth,no_humor
How poor sleep might shape mental health later in life,no_humor
I saw an asian man jerking off in a starbucks called him a fappenchino.,humor
The truth about pumpkin seeds will make you want them even more,no_humor
Why do fat people like games ? because they're unfamiliar with the gym.,humor
Top 5 slopes to celebrate super bowl sunday,no_humor
8 decor scores to help you stay organized,no_humor
What would you get if you crossed halloween with independence day? the fourth of ghoul-ly!,humor
What did the cliff say to the landslide? chalk to you later.,humor
"I judge usain bolt based on his race all of his races, actually.",humor
"Nra head: more guns mean safer schools, ‘completely ridiculous’ to think otherwise",no_humor
I would like to go to holland wooden shoe,humor
When should you give someone 'the benefit of the doubt'?,no_humor
There is a secret apartment at the top of the eiffel tower,no_humor
I'm reading a book about anti-gravity .... it's impossible to put down.,humor
"Senate panel to probe russian hacking, links to campaigns",no_humor
Do you know what the hardest part of rollerblading is? telling your father you are gay.,humor
Recruiter: u should join the army octopus: buddy i'm army enough as it is,humor
Santa making children cry is every scrooge's favorite part of the holidays (video),no_humor
How do redneck na'vi get their skin tone? blue genes... i'll be here all week,humor
What do scientists say when they meet each other? hydrogen iodide,humor
What do you call a cross between a gorilla and a monkey? a cross.,humor
The easiest change you can make to get better sleep,no_humor
Best man 'speech' isn't really a speech at all (video),no_humor
13 shonda rhimes quotes that will inspire women to succeed in a man's world,no_humor
"Animal photos of the week: orangutans, polar bears and more pictures",no_humor
Why my kids won't wish you a merry christmas,no_humor
Chuck norris once ate four 30lb bowling balls without chewing.,humor
I don't trust chairs. they just don't sit right with me.,humor
Dem donors plot campaign battle against $889 million koch behemoth,no_humor
What do dwarfs and midgets have in common? very little.,humor
What is yellow and lives off dead beatles? yoko ono,humor
Five questions for seven of electric zoo's hottest djs,no_humor
No more resolutions! 9 strategies for fast and lasting fat loss in 2014,no_humor
Top trump aide lobbied for pakistani spy front,no_humor
What do an eagle and a broom have in common? they both fly but the broom doesn't.,humor
This new website allows you to rate everything... and everyone,no_humor
"4-year-old mayor robert tufts 'runs' tiny town of dorset, minnesota (video)",no_humor
"From ferguson to staten island, justice and accountability are nowhere in sight",no_humor
4 fast ways to de-stress at your desk,no_humor
I feel sorry for homeless gay people they have no closet to come out of,humor
Let's all smash our hands together repeatedly to indicate that we enjoyed that thing.,humor
Rabbits who hang out in indie pet stores are hopsters.,humor
Beautiful photos of celebrations outside supreme court after gay marriage decision,no_humor
Bill cosby to be deposed in janice dickinson defamation case,no_humor
"I don't always say bye... but when i do, it's to felicia",humor
What's a cheerleader's favorite fruit? (popsicle stick caliber) pom-pomegranate,humor
Hannah skandera booted from consideration as devos assistant,no_humor
Tina turner style evolution: why the legendary singer is 'simply the best' (photos),no_humor
I had professional respect for you but then you said recognizance when you meant 'reconnaissance.',humor
I married miss right. i just didn't know her first name was always.,humor
"Olympic speedskaters throw huge replica medal into crowd, injuring fans",no_humor
One woman shares her difficult experiences of traveling while black,no_humor
My mom just learned how to text. and her text to me said can you hear me?,humor
Texas cops spread holiday cheer by handing out turkeys instead of tickets,no_humor
A black guy walks into a bar. don't worry he's still in his cell.,humor
Why did the scarecrow get promoted? because he was outstanding in his field.,humor
I guess it's time to lose some weight. i cut myself shaving and gravy came out...,humor
Nicki minaj's bodyguards cause a stir at nyfw and more tweets of the week,no_humor
Justice dept. sues illinois city for blocking an islamic center,no_humor
The marriage of sense and soul: waking up at sand12,no_humor
I've always wondered why baseball was getting bigger ...and then it hit me,humor
What did the clam with a lisp say to his greedy friend? you're so shelfish!,humor
Why did ms. piggy call in sick to work? because she had a frog in her throat.,humor
How this 60-year-old woman is planning a major film festival on a 'shoestring budget',no_humor
#trumpnarratesplanetearth goes pretty much the way you'd expect,no_humor
Volkswagen just introduced a new electric car... it's called the volts wagon.,humor
Cute kid note of the day: why being a girl is wonderful,no_humor
These sisters are using their dance moves to empower the youth,no_humor
What did the pillow say when it fell off the bed sheet,humor
Uk deepens investigation into possible poisoning of former russian spy in england,no_humor
Why did the sperm cross the road? because i put in the wrong pair of socks this morning.,humor
Where do they make satis? in a satisfactory,humor
Miley cyrus' 'snl' performance features 'wrecking ball' and 'we can't stop',no_humor
So i tried catching some fog today... i mist.,humor
Why was helen keller such a bad driver?? she was a woman,humor
Where does a person with one leg work? ihop,humor
A friend of mine got crushed by falling books. he only has his shelf to blame.,humor
Sleep apnea heart risks: sleep condition linked with abnormal echocardiogram,no_humor
This u.s. district could 'demolish the glass ceiling' in november with first all-female ticket,no_humor
This is what happens when your state government blocks the medicaid expansion,no_humor
Samantha bee bets on adorable puppies to reconcile bernie and hillary's feuding supporters,no_humor
Pippa middleton's instagram party appearance shows she's still a gal about town (photos),no_humor
Unanswered mystery from 'a quiet place' finally gets nailed down,no_humor
"Mers coronavirus is serious risk in hospitals, experts say",no_humor
"On heroes, civic leaders, and social change: reflections on black history month",no_humor
Poll: britons narrowly support remaining in the eu,no_humor
Ad in the classifieds: trade cute doberman dog for orthopedic hand.,humor
What's orange and red and crawls along the side of the road? a wounded cheesie.,humor
You wanna hear a joke about ebola? you probably won't get it.,humor
What drink did the vampire order at the bar? a blood-light,humor
An open letter to my daughter on her first date,no_humor
I give new meaning to the word awesome. at least i did when i changed the wikipedia entry.,humor
"Should have never gave my cat a lemon, now he's walking around like a sour puss.",humor
No more bull: what women need to know about the economy and why it matters in 2012,no_humor
Why i left delta and took my diamonds elsewhere,no_humor
They say you can't skip leg day ironically it is because of leg day that you can't skip.,humor
I love people who order coffee like they're giving the pass code to a missile defense system.,humor
Black actresses at cannes protest against racism in french film industry,no_humor
Yo mama so stupid that when she enterd a stupid contest they said sorry no professionals.,humor
Feeling tired as you struggle to get through the day? there's a nap for that.,humor
Of course there was a secret in that big 'star wars: the last jedi' cameo,no_humor
John lennon would have been 82 years old today had he not perished on 9/11. #kony2012,humor
Why did the fish blush? because it saw the ocean's bottom.,humor
From my 11 year old cousin: what do you get if you cross a pond with snowshoes? wet.,humor
The overachiever's guide to ridiculously thorough spring cleaning (photos),no_humor
Mom says she pulled gun on teens threatening her son,no_humor
We've been trying to make cities walkable for years. 'pokemon go' did it overnight.,no_humor
The grandma scam that is sweeping the country,no_humor
Pennsylvania supreme court appears open to striking down gerrymandered map,no_humor
"Devin nunes would just like to get back to his underwhelming congressional career, thanks",no_humor
Missed connection: you were attractive. i awkwardly overreacted to your presence.,humor
Good to sea you is a hilarious thing to say when shoving someone off a cruise ship.,humor
Whoever said nothing good comes easy never had a premature ejaculation.,humor
Jared polis trolls steve king over 'cantaloupe calves',no_humor
"March forth is national grammar day march forth, it is national grammar day on march 4th!",humor
"Freudians suck i used to be a neo-freudian, until i took ap psychology, (jung and horney)",humor
What do you call a belt made of dollar bills? a waist of money.,humor
'torture memo' author spotted at trump white house,no_humor
Friday's morning email: what an import tax on mexican goods would mean for you,no_humor
"When i was in my twenties we didn't have hipsters we had aids, which was almost as bad.",humor
Whats the best way to get gum out of your hair. cancer,humor
How did the sad clown smile and laugh again? they told him his wife died recently.,humor
"*takes out one earbud* not guilty, your honor",humor
Did it hurt when you fell down from heaven?,humor
Girlfriend went to the neurologist to get a brain scan yesterday. nothing showed up.,humor
Pulse nightclub shooter’s widow found not guilty of aiding her husband’s attack,no_humor
Your cock is so small you could use it to floss teeth.,humor
I like my steak just how i like isis... dead,humor
China 'outraged' by u.s. arms deal with taiwan,no_humor
Facing hiv in uganda and the united states,no_humor
6 tips for better sex from an erotic romance author,no_humor
I started a club for guys with erectile dysfunction we're trying to get our membership up,humor
I like my women like i like my coffee ground up and in a bag.,humor
Reince priebus thinks the gop presidential race will be decided by mid-april,no_humor
The blueprint for a low carbon economy to tackle global warming,no_humor
"What's good on pizza, but not on dick? cheese",humor
I am so good at sleeping i can do it with my eyes closed.,humor
"Last night, daredevil beat me up and took my money. i was robbed blind.",humor
The real core workout: why your life needs more than pole dancing to get rock solid,no_humor
Why doesn't the sun pack it's bags? because it's traveling light!,humor
Being a c-section mama in the birth goddess club,no_humor
Time is at once the most valuable and most perishable of all our possessions.,humor
Trump goes after flint pastor who shut him down,no_humor
Tennessee pastor resigns after admitting sexual 'incident' was 'abuse of power',no_humor
'dogs protect humans from other humans. humans protect dogs from other dogs.',no_humor
Sanders could pull off michigan-style upset in ohio,no_humor
Epa head confident that states will follow new carbon emissions rules,no_humor
If winning isn't everything why do they keep score?,humor
Huffpollster: most voters don't think donald trump respects ordinary americans,no_humor
I just fell down the stairs holding a guitar and accidentally wrote a one direction song.,humor
Friday's morning email: trumpcare is on life support,no_humor
"America's best beer cities, as chosen by beer experts",no_humor
Separation or divorce? what each means for your finances,no_humor
Q: if bill and hillary jumped together off the washington monument who'd land first? a: who cares!,humor
To the woman on the beach who thanked me for rocking a bikini,no_humor
April fools day is only for singles. the married have their anniversary .,humor
Why can't men be accountants? because they don't understand periods,humor
What is long and black? the unemployment line.,humor
"If a rabbit's foot brings good luck then, what happened to the rabbit?",humor
3 ways to get great hair while you sleep (video),no_humor
7 rules for serving wine at your dinner party,no_humor
Cities in this state have the worst smog,no_humor
I'm not lazy... i'm just on my energy saving mode.,humor
Mcconnell's multiyear highway deal stalls right out of the gate,no_humor
A couple of crows were in prison the other day... they were held for attempted murder.,humor
"Native americans' ancestors got stuck on land bridge on way to americas, new research suggests",no_humor
Crafting the cyprus deal: a road filled with blunders,no_humor
The beauty moments from 2015 that we are still freaking out about,no_humor
What do you call a bee from the wrong side of town? a bumblegee,humor
Hate crimes soar in manchester following attack at ariana grande concert,no_humor
"Can we combine technology, economic savings and social networks?",no_humor
Stephen colbert attempts to list everything trump has attacked harder than nazis,no_humor
Republicans seize on hsbc scandal to hold up loretta lynch's confirmation,no_humor
Kim kardashian's resemblance to cher for halloween is truly uncanny,no_humor
Paris hero who saved woman at bataclan has been found,no_humor
Your mamas feet are so scaly you can see crocodile dundy in her foot bath.,humor
What's the difference between madeleine mccann and jesus? jesus died a virgin.,humor
What do popeye's fingers smell like? olive oil.,humor
"I thought you were good looking, until i clicked view more pictures",humor
Why can't you trust a snowman? because they're all a bunch of flakes,humor
Sarah jessica parker walks into a bar n.,humor
Q: why did the easter egg hide? a: because it was a little chicken on the inside.,humor
The oldest nutrition advice may be the wisest,no_humor
Marriage proposal rejections: reddit users share stories of proposals gone wrong,no_humor
I just want a car with pop-up headlights. do they still make those? love would be good too.,humor
I have conversational ninja skills... people don't notice when i'm talking.,humor
Sweden election results offer uncertain future for austerity,no_humor
Save money on health care: the benefits of an hsa,no_humor
I'm emotionally constipated... haven't given a shit in days.,humor
"For one year, this publisher will only release books by women",no_humor
How do you circumcise a texan? kick his sister in the jaw.,humor
A baby seal walks into a club. ...while two drums and a cymbal fall off a cliff. bah-dum-tsssssss.,humor
"Michelle obama's last outfit as first lady is classic, of course",no_humor
Bristol palin gives birth to her second child,no_humor
"Every day, hundreds of seals are clubbed to death by hunters. it's snow joke.",humor
I taught my parents something today... they learned from their mistake.,humor
A misguided mandate: is banning sugary beverages the answer to the obesity epidemic?,no_humor
Shark week is just another made up holiday to sell more sharks,humor
The madness of a white man's revenge is a tale as old as time,no_humor
Iowa senator doesn’t want anyone forcing soldiers to eat vegetables,no_humor
People stuck in an elevator called for help. they were let down.,humor
What's brown ans sticky??? a stick :) haha (yes i know its super lame),humor
North carolina sues justice dept. over challenge to bathroom law,no_humor
Did you hear about the whistle-blower who couldn't make it home for christmas? he was snowden.,humor
"Heh. this guy doesn't even know i ate his candy bar., tom snickered.",humor
"Sec chair delayed jobs act rule to secure legacy, internal emails reveal",no_humor
11 decor ideas that will change your rental apartment (without risking your security deposit),no_humor
Why do cats chase birds ? for a lark !,humor
Proposal tips: keep these in mind before you drop to one knee,no_humor
Why do japanese people have slanty eyes? atomic bombs are realllllly bright.,humor
'frozen' is feminist and queer. here's how to help kids understand that.,no_humor
How to remove paint odor with an onion,no_humor
5 must-try international takes on macaroni & cheese,no_humor
What makes a fencing joke extra funny? when it is a riposte,humor
Donald trump calls bernie sanders 'weak' for letting black lives matter activists talk,no_humor
Sanders says it's clinton's responsibility to bring his supporters into the fold,no_humor
"Do you know how to plant tulips? yes, then how about planting tu-lips on this",humor
Whose parish is it anyway? churches face delicate balance in meeting needs of ethnic ministries,no_humor
A letter to my babies on their first birthday,no_humor
"Dad joke - did the melon get married without permission? no, it cantelope.",humor
"What do a flat-earther, a nazi, and you have in common? they all get one vote.",humor
What church do hypocrites belong to? all of them.,humor
I'm participating in some vintage ploughing this weekend i'm visiting the local retirement home,humor
Octavia spencer explains that freaked-out expression with obama,no_humor
If women think they arent meant to cook why do they have milk and eggs inside them?,humor
"If you think you could never kill another human being, you haven't met enough people.",humor
Where do you buy a baby? hole foods.,humor
Ariana grande drops wise feminist truths on twitter,no_humor
The bible's for losers (and why that's a good thing),no_humor
Trump claims star of david picture isn't anti-semitic,no_humor
Connecticut parents defend allowing 5-year-old daughter to swim with sharks in bahamas (video),no_humor
Please pray for me: i recently found out that nobody's praying for me,humor
My friend phillip got his lip removed yesterday.. we call him phil now,humor
Knock knock who's there ! carson ! carson who ? carconogenic !,humor
Brussels at highest terror alert over 'serious and imminent' threat,no_humor
"Girl, is your name trouble? ...cause your dad tells me i'm in trouble.",humor
Leaked 'game of thrones' photos show a look at that huge battle,no_humor
"Looks like o.j. simpson will be a free man very, very soon",no_humor
8 reasons why being a bridesmaid rules (contrary to popular belief),no_humor
Shielding students from stereotypes helps way more than we thought,no_humor
"American idol: what they wore, 5/9/12 (top 4)",no_humor
Oil giant shell warns u.s. not to withdraw from paris accord on climate,no_humor
Im voting hillary clinton this year. because she dosnt suck,humor
Donald trump launches blatantly anti-semitic attack against hillary clinton,no_humor
"A libertarian vote walks out of a bar ... ... and goes, god, i'm wasted.",humor
If you ever feel useless... remember there is a someone in the bmw factory installing turn signals.,humor
5 hotels to book for incredible free wi-fi,no_humor
Stormy daniels scores '60 minutes' its highest ratings in nearly a decade,no_humor
What's the difference between a feminist and a gun? some people are against shooting guns.,humor
Did the trump campaign just get hit with the monica langley curse?,no_humor
How do you make a tissue dance? put a little boogie into it,humor
Probable demigod robert lewandowski scores 5 goals in 9 minutes,no_humor
I think roastme should be renamed... to daisexmachina.,humor
Dea chief michele leonhart struggles to explain position on drug sentencing reform,no_humor
The main thing i want this holiday season is for someone to wake me when it's over.,humor
"Well, america actually did it it trumped brexit.",humor
"Dear chiquita: i have your new slogan: constipated? try a banana! not like that, silly!",humor
Why was kylo ren embarrassed at mcdonald's? it was his first order!,humor
Capitalism is controlled by an invisible hand that gives most people the invisible finger.,humor
Why was the cannibal looking peeky? because he had just eaten a chinese dog!,humor
'six million dollar man' star martin e. brooks dead at age 90,no_humor
Jokes. what is a black cat's favorite tv show? miami mice!,humor
What do you call a nun on a wheelchair virgin mobile,humor
Top 10 ways to eat well and save money,no_humor
"Teens health: report shows how many consume daily fruits and vegetables, exercise regularly",no_humor
Here's how brexit is going to affect your cadbury chocolate,no_humor
I'm a strict vegetarian. after i kill a cow i don't eat any of it.,humor
What do you call a lesbian dinosaur? lickalottapuss,humor
Your momma is like a shotgun... two cocks and she's loaded,humor
Why is ronaldo so good at football? oil of ole ole ole,humor
The trick to keeping neutral far from boring,no_humor
I can't believe how much of this stuff at the self checkout is free.,humor
5 penis-shaped toys that show japan fears only one gender's genitals,no_humor
Chicago senator wants to waive $150 ged fees for homeless students,no_humor
Understanding cancer (or at least part of it),no_humor
Injections are just like your wedding night a little prick and then it's all over,humor
What is the definition of a goose ? an animal that grows down as it grows up !,humor
Why did the chicken decide not to cross the road? because it did.,humor
What was osama bin laden's favorite football team? the new york jets.,humor
"It's pretty hard to make a list of trump's '100 days' accomplishments, apparently",no_humor
Bret boone jokes about 'liberal bs' sexual harassment,no_humor
What is better than getting a n64 on christmas? getting a n64 now,humor
How do you spell onomatopoeia? just spell it like the way it sounds!,humor
Me to dad:i'll call u later dad:don't call me later call me dad,humor
Why couldn't mike tyson go to the laundromat? because it was clothed.,humor
Samantha bee fires a twitter zinger at donald trump's family,no_humor
Anita wilson takes gospel to more relevant heights with new album vintage worship,no_humor
The reason i married an asian chick... is so i get to eat chinese every night.,humor
A kiss makes your day.... but anal sex makes your hole weak. (   ),humor
Doctor said only clear liquids before surgery. vodka should qualify just fine.,humor
"That new movie, daja vu... haven't i seen it before?",humor
What the star of the 'roots' reboot wants every young black man to know,no_humor
What did the spanish fireman name his 2 sons? jose and hose b,humor
Nicole richie qvc collection to debut next week (photos),no_humor
A real dog alarm clock is what you need to wake up from 2016,no_humor
The hottest cars at the geneva auto show,no_humor
How to cope with an identity crisis after motherhood,no_humor
Don't do anything rash - inept doctor trying to keep a skin eruption from spreading,humor
A lump of coal for the middle class,no_humor
How do you find a blonde on reddit? look for the comments that just say huh?,humor
How can you tell if a girl is ticklish? give her a couple of test tickles...,humor
Puking statue will make you feel sick -- but you need to look,no_humor
"Bill dudley, 'old mcdonald,' is perhaps mcdonald's oldest worker at age 88",no_humor
Inside the chemical brothers' quest for 'transformative music',no_humor
Conspiracy theories are like moon landings. they're all fake,humor
Us marshal out for a jog hits alleged groper where it hurts,no_humor
Jeb bush takes apparent swipe at donald trump over his children's love,no_humor
Zero jail time for cop who assaulted disabled man in hospital,no_humor
The case for bribing kids to memorize poetry,no_humor
What did the banker use for birth control? his personality,humor
Gay couple suing over wedding pamphlets sparks vistaprint investigation,no_humor
Trump suggests florida students could have done more to prevent deadly shooting,no_humor
Prostate cancer research: 10 things we've learned so far this year,no_humor
The heated fight against global warming in the amazon,no_humor
Federal appeals court rules against obamacare contraceptive mandate,no_humor
5 weight loss habits that are making you gain weight,no_humor
Michelle williams does not have time to be a cool mom in this 'manchester by the sea' clip,no_humor
"The key to stress reduction, fitness and smiles might be a daily groove",no_humor
What's the easiest way for a gorilla hunter to make money? collect unemployment insurance!,humor
I took a poop in the elevator. i'm taking this shit to a whole new level.,humor
I can tell within seconds of meeting someone if they'd be annoying on a group email.,humor
"At a town hall, constituents literally turn their backs on gop senator",no_humor
I would go to any lengths to find a good measuring tape.,humor
Maybe the ocean is so salty because the land doesn't wave back,humor
The joke jennifer lawrence told amy schumer that helped her heal after ‘trainwreck’ shooting,no_humor
12 reasons to visit iceland -- even in winter (photos),no_humor
Rick perry no longer wants to get rid of the agency he now wants to lead,no_humor
Reflecting on my first year of motherhood at age 44,no_humor
I'd like my headstone engraved in burger king font.,humor
"Oh, here's that one hour of creepy doll music you ordered",no_humor
Anyone have any special planes for 9/11? *plans.,humor
I always read r/creepy when i poop it scares the shit outa me...,humor
Are you a gamer who's the victim of a harassment campaign?,no_humor
My wife said she wants to rescue a cat so i threw it in the pool.,humor
Xarelto: blood clot pill to be tested for heart attack prevention,no_humor
Why ninja's are a pornographers nightmare you never see them coming!,humor
It was just white floyd until that one red sock got mixed in.,humor
In colllege what was the difference between pumpkin pie and my girlfriend? i shared the girlfriend.,humor
Dr. dre reportedly to produce a semi-autobiographical tv show for apple,no_humor
"Of all the bands named after handicapped jungle animals, def leppard is my favorite.",humor
Tv reporter's water breaks right at this moment during newscast,no_humor
The real 'iran prize': the next great emerging market,no_humor
2010 kids wont get this... standing in line,humor
"I don't always post on reddit but when i do, people just downvote. like now...",humor
"Big-city mayors, governor stand up to discriminatory north carolina law",no_humor
"And then the god said: noah, make a backup. i'm going to format",humor
You're a big internet fan arn't you? yes i really get a buzz out of it!,humor
The moment i knew i was an adult,no_humor
My coworkers are fucking retarded children. surely thats illegal.,humor
Terrifying if it really happened: the kiss emoji with the heart coming out of the mouth,humor
Eric dane only watched three episodes of 'grey's anatomy',no_humor
I've fallen into a sar chasm. totally didn't break my legs! it's a regular party down here!,humor
25 gluten-free desserts you'll actually want to eat,no_humor
I bought the wife a new bag for her birthday..... hoover works a treat now!,humor
What do you call a horse that plays the violin? fiddler on the hoof!,humor
Knock knock whos there? meg whites most complex drum beat.,humor
Jokes like this? do you like dragons? cuz imma be dragon my nutz across your face!,humor
"Just got an email from a necrophiliac wishing me dead. hey, thanks for the compliment!",humor
Preteens and cell phones: my change of heart,no_humor
What do you call an immigrant without green card that can't see illegally blind,humor
The world has officially lost confidence in u.s. leadership under trump,no_humor
Lol your future depends on your dreams. so go to sleep.,humor
"Which duck will destroy the establishment? none, ducks are not allowed in politics.",humor
What does a parent say to their boy who keeps missing the toilet? urine trouble.,humor
32 throwback halloween costumes that totally deserve another run,no_humor
"If tomatoes are a fruit, then ketchup is a smoothie.",humor
Interns think of god residents pray  to god doctors talk to god nurses are god.,humor
Catwoman left me oh no what happened?! i left the door open and she just bolted,humor
Valentine's day ideas: this yarn wreath will get your home ready for romance,no_humor
State bar recommends suspension of orange county prosecutor for withholding evidence,no_humor
Friday's morning email: state department officials lobby for military strikes in syria,no_humor
Kim kardashian and kanye west are matching at the met gala,no_humor
Rudy giuliani: obama was influenced by communism at an early age,no_humor
Ask your doctor if practicing medicine is right for him,humor
"Kate erickson, scandinavia house communications rep, and her 5 ingredients or less rule",no_humor
This milk is so far past it's expiration date i'm only gonna have a small slice.,humor
"U.s. basketball team plays rock, paper, scissors in rout of china",no_humor
All you need to know about explosives by  dinah mite,humor
What's kermit the frog's favorite song? whib it by devo.,humor
Meet the man replacing lin-manuel miranda in 'hamilton',no_humor
"Avoiding china's wrath, philippines defers upgrades to south china sea",no_humor
With your current salary what apple product can you buy? apple juice,humor
Jim carrey's submission for donald trump's official portrait cannot be unseen,no_humor
What do you call 3 knights in a relationship? polyarmory,humor
Liam payne and james corden end emotional riff-off with 'best song ever',no_humor
"Damn girl , are you a tv ?? because you got all eyes on you !",humor
What's the difference between men and women? women play hard to get. men get hard to play.,humor
'portlandia' nerd psa sets the record straight (video),no_humor
Why didn't they punish the student who hung himself? he was already suspended.,humor
"Your greatest puns! please, i love puns. lots of puns. any kind. bring em on!",humor
"Hear my voice: no, judge low, great men do not rape",no_humor
How did frankenstein's monster eat his lunch? he bolted it down.,humor
Bride gone mad? how to deal with a bridezilla,no_humor
"'american idol' performer is so good, katy perry drops her chair",no_humor
What do you call a short sleeved british shirt? a tea-shirt. please don't hurt me.,humor
"What are the three rings of marriage? the engagement ring, the wedding ring, and then the suffering",humor
This is what donald trump's 'fresh start' with the media looks like,no_humor
Don't say shhh to urine incontinence -- it's nothing to sneeze at,no_humor
Kim kardashian gets refreshingly honest about her anxiety,no_humor
Gwissues: one on one with chaz bono (video),no_humor
Day 2: 31 days of daily inspiration from brilliant women,no_humor
Weekend box office: 'mama' takes an early lead,no_humor
Liars make their bed and.... lie there too.,humor
Why wait for october? the world's biggest beer festival is already under way,no_humor
How did the swordsman annoy r/jokes? he feinted. (sorry),humor
I am opening a restaurant called peace and quiet a kid meal is 250,humor
"Made a to/ too mistake, and am starting the car with the garage doors down.",humor
Aids activism has always meant caring across generations,no_humor
15 lessons money diarists learned after tracking their spending,no_humor
Apple submits brief opposing u.s. government's 'unprecedented' iphone request,no_humor
The onion's review of 'gone girl' will make you think twice before seeing it,no_humor
Barclays saudi arabia probe: bank denies report it made 'illegal payment' to win banking license,no_humor
Who would steal an artificial leg? i'm stumped.,humor
"Guys, how can you tell the girl your having sex with is faking an orgasm? who cares.",humor
What did the peruvian defense lawyer say to the peruvian prosecutor? peruve it!,humor
"I bought the worst thesaurus the other day. not only is it terrible, it's terrible.",humor
What do you call the bad part of italy? spaghetto.,humor
What's the difference between me and santa? santa only comes down your chimney.,humor
Could an apple a day help with cancer prevention?,no_humor
The full time football result is in: real madrid - 4... surreal madrid - fish,humor
Hush little laptop dont you cry mommas gonna find you another wifi.,humor
Of course you can trust me with your secret. *calls local news team,humor
6 things you gain when you declutter your life,no_humor
I like my women like i like my pizza... baked and saucy.,humor
This man is writing ridiculously hilarious gay porn about 'domald tromp',no_humor
What sex position makes an ugly baby? go ask your mom,humor
What do you call it when you give a downy kid weed? baked potato.,humor
What's the difference between bullets and people? people miss harambe,humor
Federal judge announces retirement after sexual misconduct allegations,no_humor
What do you call a pre-maturely born chinese boy? sudden lee,humor
How do you know if a blonde has been in the refrigerator? there's lipstick on the cucumbers.,humor
What does a bad salesman and a toilet have in common? they are both full of crap.,humor
What is the difference between a thief and a pervert? a thief snatches watches.,humor
How did the bootician style the ghost's hair?  with a scare dryer!,humor
Tifu by having sex with my friend's dumb bitch i guess bestiality isn't common where hes from.,humor
Republicans push education department to defend its handling of sexual assault cases,no_humor
Why i’m vowing to do more after charlottesville,no_humor
22 terrifying and magical capabilities someone has when you fall for them,no_humor
"At least 3 dead, 9 injured in explosion at bogota shopping center",no_humor
The shortest joke ever two women were sitting quietly.,humor
(video) nielsen backs furious corp to replace excel for tv ad planning,no_humor
South korea to raise ferry that sank 1 year ago,no_humor
Ashton kutcher and mila kunis reveal baby's name,no_humor
Ridiculous baby products: absurd things people are actually trying to sell to parents,no_humor
Why did no one believe the psychologist ever went to the bathroom? because the 'p' is silent,humor
What is et short for? he's got little legs.,humor
*in the back of a police car* can ya'll hand me the aux cord?,humor
New finding reveals gross habit of hermit crabs,no_humor
Would you go into the woods? -tiger wood,humor
I remember when i was gay it was a real pain in the ass.,humor
What do you call someone that delivers baby horses? an equinecologist.,humor
Watch: newfound species has strange way of avoiding predators,no_humor
The biggest fashion week trend is already in your closet,no_humor
Whats a pirate's favorite letter? you'd think it would be r but its actually the c! aye matey,humor
First amendment lawsuit says student was punished for wearing a t-shirt advocating gun rights,no_humor
"If you think special k is boring, wait till you try normal k.",humor
10 things you may not have known about martin luther king jr.,no_humor
"Uh-oh! - my toddler, looking me dead in the eye while he feeds his dinner to the dog",humor
"I once knew a girl called virginia... we called her virgin for short, but not for long!",humor
Why is cowgirl my girlfriend's favorite position? because she says i'm only good at fucking up.,humor
One alternative for germany or many? the mixed message of the german state elections,no_humor
Who's the friendliest person at the hospital? the ultra sound guy.,humor
Poor and middle-income families need a better way than 529s to save for college,no_humor
How your credit card limit affects your ability to get a job,no_humor
"Victoria phipps, business owner, shares tips to unplug at the huffington post's oasis",no_humor
Why did the skeleton not go to his prom? he had nobody to go with.,humor
First person ever: i have several holes in my face what is happening,humor
What's a good source of vietnamese renewable energy? a nguyen mill.,humor
Donald trump is the candidate from breitbart news,no_humor
Free resources to teach students about cesar chavez day in march,no_humor
Legoland park includes 'quiet rooms' and other features for guests with autism,no_humor
Q: why does chelsea look so stupid and ugly? a: heredity.,humor
What is amnesia? is it: a) memory loss a) memory loss or 3) the battle of hastings,humor
I like my women like i like my coffee... microwaved for 69 seconds.,humor
Protests erupt after video shows off-duty lapd cop firing a gun in dispute with teen,no_humor
Stevie wonder joins bet awards prince tribute as network also plans salute to muhammad ali,no_humor
Catholic school forces queer coach to resign after diocese learns of marriage plans,no_humor
Huffpollster: donald trump isn't the favorite to win in november,no_humor
Does anyone have the owner's manual for a wife? mine's emitting a terrible whining noise.,humor
What do harry potter and kermit the frog have in common? hogwarts!,humor
"A roman walks into a bar, holds up two fingers and says, five beers please!",humor
What is a mother's favorite christmas carol? silent night.,humor
Q: what is 61 to a blonde? a: she wants 8 (ate) more.,humor
A genius would have put kevin bacon in grease.,humor
Australian sets freakishly fast rubik's cube records at world championship,no_humor
What do the japanese call a large apartment? an itssoroomy.,humor
What do you call an aztec mayan snake god tied in a knot? pretzalcoatl,humor
Blake lively and ryan reynolds are officially the sexiest couple,no_humor
"I decided to live at the gym, it was free! because of squatter's rights.",humor
Study finds hiv+ gay men with undetectable viral load will not transmit virus,no_humor
Rio celeste waterfall is quite possibly the bluest waterfall on earth,no_humor
Hitler was't that bad of a guy he did kill hitler after all.,humor
Yo mommas so old... she sees dr. grant.,humor
Woman sobs over tsa patdown: fair or foul? (video),no_humor
Former chris burch employee: i was fired for not being gay,no_humor
Who's the nicest player in the nfl? drew brees. the guy's a saint.,humor
Kimi recor of 'positive greater than negative' models her vintage finds (photos),no_humor
A popular post on reddit about a clothing store has to be a hot topic,humor
Why couldn't g unit get on the bus? they did not have 50 cent.,humor
What is the difference between snow-men and snow-women?... snow-balls.,humor
Trial over walter scott killing by south carolina police deadlocks over holdout juror,no_humor
7 top  'art wanks' at tasmania's newest museum: 'monanism' on the looney front,no_humor
What's the difference between a chickpea and a lentil? i wouldn't pay good money to see a lentil.,humor
Bollywood horror movies are just bipasha basu doing a item no. with a third world actor,humor
"I wonder if dog's had facebook, would they put our picture as their profile picture.",humor
What do you call judge judy when she dresses like a vampire? cunt dracula,humor
My dog just saved my life by ferociously barking at nothing outside.,humor
What do you call people who rely on the safe period for contraception? -parents,humor
What does a goat have when it gives birth? a kid.,humor
"Venus, moon, spica star to create celestial triangle in early morning sky tomorrow",no_humor
Me: it's a lie detector friend: oh... i love it me: (whispering) we'll see,humor
"He's perhaps not their first choice, but top civil rights groups praise supreme court nominee",no_humor
Ex:i hope you have a slow and painful death! me:so now you want me to stay?,humor
'son of concorde' jet to fly from london to sydney in four hours,no_humor
What is a baseball dog? one that chases fowls.,humor
Alabama marriage equality tantrum is a slap in the face to all americans,no_humor
Veggie chip recipes: bake chips with 12 different vegetables,no_humor
Hillary clinton jokes about her 'death row records' fashion inspiration,no_humor
Tearjerking ad shows kids really do notice how much their moms do for them,no_humor
What did the asian parents call their retarded son? sum ting wong,humor
Praise tree-sus! man sees jesus in tree trunk (photo),no_humor
Miranda lambert and shania twain have a girls' night out,no_humor
My insomnia is getting worse. i was wide awake all day at work yesterday.,humor
It's time to up your instant ramen game,no_humor
"The doha ajyal diaries: the islamic art museum, souk waqif and 'made in qatar'",no_humor
Why did the walrus go to the tuppeware party? to find a tight seal.. badum tsst,humor
Notre dame memorial service honors victims of paris attacks,no_humor
"Food shame: how our lunch defines who we are, for better or worse",no_humor
"This week in world war i, march 14-20 1915",no_humor
"Suspected purse snatcher filmed running over, killing woman",no_humor
Alcohol is like liquid photoshop for real life.,humor
How to take a rickshaw tour of tokyo,no_humor
Pastor photobombs a wedding in the most ridiculous way,no_humor
How to make abc kitchen's butternut squash on toast,no_humor
How to avoid being a jerk on your family holiday road trip,no_humor
"Update: this year's least popular halloween candy was, as always, reese's feces.",humor
The one upside to having twins deciding how to split child custody during the divorce.,humor
What did the fertilizer say to the grass? i'm the shit.,humor
What it was like attending the nra convention as part of the 'fake news' media,no_humor
Bride behavior: celebrity wedding planner colin cowie talks bad brides,no_humor
President obama has created a dangerous precedent in cuba,no_humor
A waist is a terrible thing to mind.,humor
Science has determined how not to look stupid,no_humor
"Marie osmond hasn't been asked to perform at trump's inauguration, but she's willing to (update)",no_humor
Black friday protests hit walmart: 'biggest day ever',no_humor
Hot 'effing' tuna takes the beacon theater by storm,no_humor
What do you call an alligator with a vest? an investigator!,humor
If lamar odom would've died... he would've went out with a bang.,humor
What part of a vegetable can't you eat? the wheelchair.,humor
My friend said her ovaries hurt i told her she was ovary-acting.,humor
Watch the moving lesbian storyline that got cut from 'love actually',no_humor
Just look at these painfully adorable mountain lion kittens,no_humor
Yo' mama is so stupid... (oc) she thinks salmonella is a disney fish princess.,humor
Why did the stoneworker get fired? because he took his job for granite i'll show myself out.,humor
What did the black kid get on his sats? bbq sauce.,humor
Surprise proposal: tv anchor pops the question on-air (video),no_humor
A bloodbath has got to be the least effective type of bath,humor
Topless femen activists stage #metoo protest against the patriarchy at the vatican,no_humor
6 content marketing strategies you probably aren't trying yet,no_humor
Where does a dog go when he loses his tail the dock.,humor
Curly hair chronicles: why i self-medicated through makeovers (photos),no_humor
Muslim baby ordered off plane for being on no fly list,no_humor
Americanized macaron recipes: french cookies with american flavors (photos),no_humor
Gardening in fall: what we grow in october,no_humor
Did you know you can't watch porn on the iphone 7? yea they took the jack off,humor
What it's like to work as a facebook 'news curator',no_humor
Depresso; the feeling you get when you've run out of coffee.,humor
Mcdonald's turned to a firm with clinton ties to fight the fight for $15,no_humor
What's the difference between a lawyer and an irishman?  one has passed a bar.,humor
If jason bateman was a jedi... i would call him master bateman.,humor
Cnn says it didn't ask florida shooting survivor to read a scripted question,no_humor
Huffpost welcomes honorary take your child to work day bloggers!,no_humor
Federal excise tax on sugar would be sweet,no_humor
The last person to enter parliament with honest intentions was guy fawkes.,humor
When you realize... the ghostbusters (2016) budget was 153 million dollars. *facepalm*,humor
People that keep their chin up probably don't find as much change as i do.,humor
Kendra wilkinson's style evolution: from boobs to bodycon dresses (photos),no_humor
9 quotes that will help your friend with work-life balance,no_humor
I've just found out that one of my best friends is a mime artist. he kept that quiet.,humor
Why is there no gambling in africa? too many cheetahs,humor
Now i'm not saying i plan to be a school shooter... but if i was dylan..,humor
Watch jamie lynn spears surprise britney at the radio disney awards,no_humor
'get that monster out of the white house!' larry kramer electrifies gatherings in ny and fla.,no_humor
I forgot how to throw a boomerang and then it came back to me,humor
Knock knock who's there ! ankansas ! ankansas who ? ankansas though any piece of wood !,humor
'the year of the child' has become 'the year of fear' for children,no_humor
Why did the brothel only employ ugly prostitutes? to increase *gross interest*!,humor
Poz retreats: empowering people who are infected and/or affected by hiv/aids,no_humor
Photoshop fail makes bike magically vanish on neiman marcus' website (photos),no_humor
The printer in my office is fondly called bob marley it keeps jamming,humor
If hillary becomes president... ...will that make bill the first husband?,humor
Two mutes walk into a bar and one says to the other:,humor
How come the dog never finished his game? he was stuck on paws. forgive me reddit senpai,humor
"J.k. rowling calls bs on the burkini ban, twitter applauds",no_humor
I eat a lot of swordfish. i like to be ready in case there's a food fight.,humor
Why is aaron rodgers sucking so much? because he got tired of being rodgered!,humor
"Ah yes, this is nice. you can really taste the wet dog and code red mountain dew.",humor
Your moms ass is like sensitive data... ...you gotta back dat shit up!,humor
"Samantha bee says a sad goodbye to ted cruz, the man she loves to hate",no_humor
What did the sheep say when he saw his girlfriend? baaaaaeeeee!,humor
Trinity: i really can't stay. neo: baby it's code outside.,humor
What happened to the muslim who smoked weed? they got stoned,humor
There are four things in the world i hate: 1. racists 2. mexicans 3. irony 4. and lists,humor
Feed your obsession with this etsy cheese swag (photos),no_humor
Who wants to dress up as a battery and make halloween come early this year? i'll be halloween.,humor
Multiple deaths reported in biker gang shootout in texas,no_humor
Ragwitek: fda panel says new ragweed allergy drug appears safe and effective,no_humor
I'm angry that only one company makes the game monopoly.,humor
Philly inquirer: donald trump's presidency is like a 'tin-pot dictatorship',no_humor
How many ants can you fit inside an apartment ? ten-ants !,humor
"From damascus to carnegie hall, a refugee child prodigy plays the piano for peace",no_humor
Dems say gop has learned nothing with shutdown looming,no_humor
What did the time traveler do after he after he ate too much? he went back four seconds.,humor
Why couldn't the chameleon change colors? he had a reptile dysfunction.,humor
What do you get when you line up 12 girls from kentucky? a full set of teeth.,humor
What is islam's oldest religious institution afraid of?,no_humor
John kerry says that the u.s. will have to negotiate with syrian president bashar al-assad,no_humor
Trump congratulates putin on totally expected victory in russian election,no_humor
An honest driving school would name itself how to drive when cops are around school.,humor
My little nephew told me this one. what do trees and dogs have in common? bark.,humor
West virginia revokes approval of mountain valley pipeline as legal terrain shifts,no_humor
Jeb bush's super pac blew through $116 million in failed effort,no_humor
What do you get when you mix hitler with a dolphin? adolfphin,humor
A hillbilly walks up to his sister and says have sex with me. she replies if you incest.,humor
They finally created a generic viagra. micoxaphlopin is the next big thing.,humor
Spring is in the air i proclaim as i hurl a slinky at your head.,humor
Bernie sanders lays out his campaign's final days,no_humor
The global search for education:  if you teach them they will grow,no_humor
Take my advice i don't use it anyways,humor
How climate change deniers got their groove back,no_humor
What's the difference between jesus and a picture of jesus? the picture only needs one nail.,humor
"Cocky joke: you know, i've recently decided i just don't like my penis. it's such a huge dick.",humor
Celebs use poetry to highlight the plight of refugees,no_humor
The way to a woman's heart begins with these five words,no_humor
What do you call a man wearing two rain jackets? max,humor
What do you call sex on a beach? intercoarse,humor
Girls adore it when you guess their weight as they walk by.,humor
Obama counts on law enforcement to popularize smart guns,no_humor
Sarah palin hasn't said anything idiotic yet this year. i hope she's okay.,humor
How to get (and ask for) what you really need,no_humor
Deja poo the overwhelming feeling of i think i have heard this bullshit before.,humor
Amy schumer gives 'bachelor' host a lesson about 'complicated' women,no_humor
"Ppl: are u sick? me: no, im just ugly",humor
Why the uk started giving out those amazing baby boxes,no_humor
"With kids' bedtimes, consistency is key to learning and development",no_humor
I call my penis the bogeyman.. because it's the reason children cry at night.,humor
5 numbers to have handy when men ask why there is an international women's day,no_humor
Watch: neymar lifts brazil into round of 16,no_humor
I think i've found the worst pornstar name to have at the moment. isis love,humor
I'm afraid of spotify ruining music the way facebook ruined friends.,humor
I stuck my finger in an outlet today it really hertz,humor
Seattle seahawks beat carolina panthers in nfc divisional playoff game,no_humor
20 reasons to drop everything and go to spain,no_humor
31 times celebrities gave the best damn responses to sexist questions,no_humor
"I'm dyslexic, atheist and an insomniac... i stay up all night wondering if there *really* is a dog.",humor
The top 25 vegetarian restaurants in the world,no_humor
"Street style, carola at off broadway boutique: from the stylelist network",no_humor
Why does shang tsung always enjoy a religious song from finland? because it's a finnish hymn.,humor
"Stop hitting the snooze button: a guide to setting and completing your goals, big or small",no_humor
I lost weight: debbie shafer set small goals and lost 97 pounds,no_humor
Time-lapse videos of a hyperrealist master will make you lose your damn mind,no_humor
What's white and in the men's 100m track final? the lines.,humor
I dated stephen hawking but had to break it off. he just wasn't a very stand-up guy.,humor
"Gecko tails fall off, grow back along 'score lines,' study suggests",no_humor
Where to find outdoor observation decks at airports,no_humor
The 6-step formula for positive parenting before & after divorce,no_humor
